gh_project_name,team,lang,sloc,tests_per_kloc,build_success
47deg/appsly-android-rest,8,java,3741,3.41685649202733,0.029197080291970802
abarisain/dmix,10,java,43665,4.83132028321533,0.8489096573208723
AChep/AcDisplay,3,java,27734,0.301516195727085,0.4262295081967213
activeadmin/activeadmin,26,ruby,7029,130.546807901517,0.7749574105621806
ActiveJpa/activejpa,2,java,2713,72.5274725274725,0.6679841897233202
activerecord-hackery/ransack,18,ruby,3629,77.1869639794168,0.8635573473388319
activerecord-hackery/squeel,6,ruby,3081,201.882505679974,0.7539708265802268
activescaffold/active_scaffold,3,ruby,9325,25.1465798045603,0.7143649473100389
activewarehouse/activewarehouse-etl,6,ruby,4544,32.5005527304886,0.23809523809523808
adamfisk/LittleProxy,10,java,4094,15.3124228204495,0.7970540098199672
addthis/stream-lib,7,java,5371,31.2565554856304,0.7123287671232876
adelevie/parse_resource,5,ruby,1063,95.0413223140496,0.4968152866242038
adelevie/parse-ruby-client,8,ruby,1302,128.775834658188,0.7052896725440806
adhearsion/adhearsion,8,ruby,8376,208.848843464228,0.2625797306874557
afeld/magickly,5,ruby,575,136.363636363636,0.7304582210242587
agoragames/leaderboard,3,ruby,739,190.361445783133,0.8770053475935828
ai/autoprefixer-rails,4,ruby,244,142.857142857143,0.911735797129939
ai/r18n,3,ruby,2700,78.1309842972041,0.6744402985074627
airbnb/nerve,8,ruby,1132,4.25531914893617,0.8262910798122066
airbnb/synapse,9,ruby,3272,0,0.9680170575692963
airlift/airlift,14,java,26971,30.5610530676117,0.4616822429906542
airlift/slice,8,java,4700,23.7491353470141,0.9210526315789473
Albacore/albacore,8,ruby,3809,157.531290461804,0.7061328790459966
albertlatacz/java-repl,3,java,12327,15.3126329221608,0.9692832764505119
alecgorge/jsonapi,3,java,23712,0,0.6494845360824743
alexreisner/geocoder,11,ruby,5220,60.9638087865299,0.5712347354138398
alisnic/nyny,3,ruby,589,96.8992248062016,0.7184684684684685
alt3/cakebox,4,ruby,250,0,0
alvinsj/flatten_record,1,ruby,1366,0,0.9458333333333333
amahi/platform,7,ruby,5386,4.61538461538462,0.8418079096045198
amatsuda/active_decorator,4,ruby,247,9.43396226415094,0.7219945355191257
amatsuda/kaminari,13,ruby,970,59.2503022974607,0.610257414113732
ananthakumaran/fake_dynamo,3,ruby,1787,85.739282589676293,0.7096774193548387
ankane/groupdate,4,ruby,435,491.891891891892,0.722567287784679
ankane/searchkick,8,ruby,1906,156.542056074766,0.7731775463550927
anthonycr/Lightning-Browser,9,java,15399,0,0.6567944250871081
antirez/redis-doc,18,ruby,283,0,0.917864476386037
aol/micro-server,6,java,9201,75.3275109170306,0.1686143572621035
apache/drill,24,java,220271,18.9699888847721,0.20591715976331362
apache/flink,41,java,194049,24.2716141863127,0.278816199376947
apache/jackrabbit-oak,16,java,194257,32.4468211245228,0.540053050397878
apache/sling,9,java,279079,6192.30769230769,0.058069029850746266
apache/storm,28,java,177934,3.90701857941929,0.3064935064935065
apache/tajo,10,java,172759,11.4857891274301,0.8228941684665226
apneadiving/Google-Maps-for-Rails,4,ruby,1265,158.150851581509,0.4706994328922495
applicationsonline/librarian,2,ruby,3749,63.3370535714286,0.7289719626168224
aprescott/serif,2,ruby,1174,107.58196721311501,0.8862745098039215
aq1018/mongoid-history,7,ruby,480,306.264501160093,0.8545150501672241
arangamani/jenkins_api_client,6,ruby,2745,128,0.7897020538038761
arches/table_print,3,ruby,747,294.797687861272,0.6752827140549273
ari/jobsworth,8,ruby,27733,78.702448721424,0.35681233933161954
ariejan/imdb,2,ruby,386,213.375796178344,0.9003115264797508
arsduo/batch_api,3,ruby,1350,29.1479820627803,0.628125
arsduo/koala,5,ruby,4745,447.368421052632,0.633206106870229
artem-zinnatullin/android-wail-app,5,java,6323,0,0.8555555555555555
ArturT/knapsack,3,ruby,1047,31.0880829015544,0.8382352941176471
asakusarb/action_args,3,ruby,410,68.5714285714286,0.7580174927113703
asciidocfx/AsciidocFX,6,java,15623,0,0.8427876823338736
asciidoctor/asciidoctor,28,ruby,10510,0.679655641141822,0.9135506551613934
asciidoctor/asciidoctor-diagram,4,ruby,1278,59.2885375494071,0.8308157099697885
asciinema/asciinema.org,3,ruby,3039,121.095421480531,0.554150632215503
ashmckenzie/percheron,3,ruby,1783,132.075471698113,0.8927444794952681
asm-helpful/helpful-web,31,ruby,3786,69.2375109553024,0.7448151487826871
assaf/vanity,8,ruby,2806,120.887245841035,0.9615981380915438
atmos/heaven,3,ruby,2791,166.471734892788,0.7339055793991416
attr-encrypted/attr_encrypted,8,ruby,333,553.719008264463,0.8767019667170953
avdi/naught,4,ruby,482,174.418604651163,0.87409200968523
avoinministerio/avoinministerio,9,ruby,5797,44.7761194029851,0.04048582995951417
awestruct/awestruct,9,ruby,4899,38.1779884149552,0.6724806201550387
aws/aws-sdk-java,10,java,1379466,0.701430031246862,0.34081346423562414
aws/aws-sdk-ruby,7,ruby,140666,82.2145328719723,0.665625
azagniotov/stubby4j,4,java,4981,95.3441295546559,0.772020725388601
azkaban/azkaban,16,java,32013,10.0584137694062,0.9470899470899471
Azure/azure-sdk-for-ruby,10,ruby,139309,147.161878065872,0.9325551232166018
AzureAD/azure-activedirectory-library-for-android,16,java,10514,0.305203723485427,0.7036516853932584
balanced/balanced-ruby,14,ruby,2497,44.1988950276243,0.6246612466124661
bartdag/py4j,3,java,9285,28.1058101086443,0.6500956022944551
BaseXdb/basex,7,java,77260,10.1069074679537,0.855191256830601
basho/riak-java-client,5,java,77504,26.9259914119727,0.5934579439252337
bbatsov/powerpack,4,ruby,309,343.065693430657,0.9318181818181818
bbatsov/rubocop,48,ruby,22686,215.256104277584,0.9634502923976608
BBC-News/wraith,14,ruby,1041,53.0973451327434,0.809375
bear-metal/tunemygc,2,ruby,822,79.5847750865052,0.7723169508525577
beerlington/classy_enum,4,ruby,322,248.447204968944,0.8836276083467095
bellycard/napa,18,ruby,1603,115.769712140175,0.9630872483221476
bemyeyes/bemyeyes-server,2,ruby,1582,29.8165137614679,0
benbalter/gman,7,ruby,479,291.666666666667,0.7517605633802817
benbalter/jekyll-auth,5,ruby,192,235.294117647059,0.7424242424242424
benbalter/word-to-markdown,3,ruby,276,141.843971631206,0.48936170212765956
benhoskings/babushka,4,ruby,5548,168.974018585246,0.7304650427080038
benjaminoakes/maid,3,ruby,2338,5.59832050384884,0.793036750483559
bensie/sshkey,3,ruby,237,191.304347826087,0.6294642857142857
Berico-Technologies/CLAVIN,8,java,4405,18.957345971564,0.5140845070422535
berkshelf/berkshelf-api,10,ruby,1279,78.239608801956,0.6127247579529738
berkshelf/vagrant-berkshelf,13,ruby,628,38.8349514563107,0.7564102564102564
bflad/chef-docker,8,ruby,6740,123.511904761905,0.6611295681063123
bikeindex/bike_index,5,ruby,13130,84.6952802810448,0.9042944785276074
binarylogic/authlogic,2,ruby,2817,76.2902019446522,0.9174041297935103
biojava/biojava,12,java,123537,6.21917741661201,0.8551068883610451
bitcoinj/bitcoinj,9,java,84921,8.85043141224248,0.9662921348314607
bitsofproof/supernode,2,java,19892,3.59983742669686,0.875
bkeepers/dotenv,2,ruby,270,225.563909774436,0.3225806451612903
bkeepers/qu,4,ruby,2179,103.982300884956,0.7962085308056872
blowmage/minitest-rails,5,ruby,751,199.733688415446,0.7310924369747899
bndtools/bnd,17,java,79335,0.273178431045211,0.8904347826086957
bndtools/bndtools,12,java,43197,0.0497104367061865,0.939209726443769
bogdan/datagrid,4,ruby,2301,96.045197740113,0.8250728862973761
bokmann/business_time,3,ruby,400,362.595419847328,0.9501466275659824
bokmann/font-awesome-rails,3,ruby,57,0,0.83625
BoltsFramework/Bolts-Android,5,java,1941,31.4270994332818,0.937984496124031
bostonrb/bostonrb,8,ruby,1207,34.2771982116244,0.44
boxen/boxen,2,ruby,1207,133.943427620632,0.8974358974358975
boxen/puppet-boxen,7,ruby,520,33.3333333333333,0.8428571428571429
boxen/puppet-osx,2,ruby,170,94.1176470588235,1
bploetz/versionist,2,ruby,764,243.90243902439,0.44664466446644663
brettwooldridge/HikariCP,10,java,6613,33.7826010852442,0.8998756218905473
brewster/elastictastic,6,ruby,2911,150.537634408602,0.2127659574468085
brianfrankcooper/YCSB,13,java,9826,1.69319336268202,0.9557522123893806
brianmario/mysql2,9,ruby,1559,232.58559622196,0.7257165605095541
brigade/overcommit,6,ruby,3559,69.9815837937385,0.8690744920993227
broadinstitute/picard,30,java,28642,18.3723266829338,0.9157792836398838
brooklyncentral/clocker,8,javascript,7711,4.91768227496258,0.8690095846645367
brooklynDev/airborne,9,ruby,436,226.506024096386,0.8640552995391705
browsermedia/browsercms,3,ruby,12551,32.3544051767048,0.06451612903225806
bruno-medeiros/DDT,2,java,66704,3.33102612908808,0.6278481012658228
bugsnag/bugsnag-android,8,java,2033,0,0.718978102189781
bugsnag/bugsnag-ruby,2,ruby,1914,71.969696969697,1
BuildCraft/BuildCraft,20,java,82680,1.03592485068614,0.5136319376825705
bumptech/glide,4,java,20693,84.9867306963225,0.9833333333333333
burke/zeus,15,ruby,1306,34.2857142857143,0.6241758241758242
burtlo/ark,9,ruby,836,161.936560934891,0.32592592592592595
bwillis/versioncake,4,ruby,522,53.9772727272727,0.8984034833091437
byroot/activerecord-typedstore,3,ruby,389,369.69696969697,0.814935064935065
caelum/mamute,5,java,15573,22.5315729047072,0.7719298245614035
caelum/tubaina,7,java,7049,60.3288062902073,0.6428571428571429
caelum/vraptor,9,java,14498,71.5320411119542,0.8983050847457628
caelum/vraptor4,28,java,12221,69.361101306036,0.8750548005260851
calabash/calabash-ios,1,ruby,9700,1.85567010309278,1
calagator/calagator,14,ruby,40297,145.213696575856,0.8847872090289207
camping/camping,5,ruby,2402,15.2877697841727,0.6617336152219874
CanCanCommunity/cancancan,10,ruby,1172,262.061403508772,0.7193195625759417
cantino/huginn,20,ruby,11539,70.0243562978427,0.8857273978889398
cantino/reckon,5,ruby,735,77.247191011236,1
carrierwaveuploader/carrierwave,2,ruby,2728,263.602941176471,0.38268156424581007
carymrobbins/intellij-haskforce,2,java,20340,15.5057839035196,0.6363636363636364
Casecommons/pg_search,5,ruby,2692,203.413940256045,0.8420180254843054
caskdata/tephra,9,java,22259,6.78407763500764,0.9371428571428572
cassianoleal/vagrant-butcher,2,ruby,369,42.1052631578947,0.8541666666666666
castorflex/SmoothProgressBar,6,java,2097,0,0.660377358490566
cbeust/testng,7,java,32248,47.6523953525386,0.8580121703853956
ccocchi/rabl-rails,2,ruby,692,160.246533127889,0.7507987220447284
celluloid/celluloid,16,ruby,5882,70.6018518518518,0.6040228159711798
celluloid/celluloid-io,12,ruby,923,98.6984815618221,0.3843447669305189
celluloid/celluloid-zmq,8,ruby,492,24.6575342465753,0.5631929046563193
celluloid/dcell,5,ruby,1897,30.0978179082017,0.8855291576673866
celluloid/reel,2,ruby,1315,35.7414448669201,0.6923076923076923
celluloid/timers,7,ruby,276,160.30534351145,0.8
ceph/ceph-cookbook,5,ruby,1116,0,0.9153846153846154
cerebris/jsonapi-resources,10,ruby,3385,125.980999586948,0.9645776566757494
cgriego/active_attr,4,ruby,650,681.818181818182,0.6937416777629827
chanks/que,2,ruby,859,179.123711340206,0
charliesome/better_errors,10,ruby,629,101.123595505618,0.8454258675078864
charlotte-ruby/impressionist,6,ruby,2162,411.764705882353,0.6398158803222095
checkstyle/checkstyle,23,java,40401,62.7957489721511,0.9285195056942088
cheezy/page-object,5,ruby,6805,135.256520988081,0.6970954356846473
chef/chef,50,ruby,56493,151.874678081097,0.810077045371163
chef/omnibus,21,ruby,6321,108.393919365499,0.9666064981949458
chocoteam/choco3,5,java,90238,16.5171288743883,0
ci-reporter/ci_reporter,4,ruby,1192,122.80701754386,0.4719387755102041
clayallsopp/formotion,5,ruby,3693,48.6471713582946,0.23809523809523808
cloudera/oryx,3,java,25995,8.09401509845124,0.9011406844106464
cloudera/spark-dataflow,4,java,3111,14.3329658213892,0.9951690821256038
cloudfoundry/cloud_controller_ng,79,ruby,46608,191.729060247708,0.768144959455401
cloudfoundry/uaa,23,java,27628,62.3138329560348,0.8587806149035956
cloudfoundry/warden,14,ruby,4414,92.4960326456586,0.9589905362776026
CloudifySource/cloudify,26,java,68936,6.13837610685877,0.7438620929827616
code-mancers/invoker,9,ruby,2362,42.5790754257907,0.7747336377473364
code4craft/webmagic,3,java,8326,9.84055804683607,1
codebrew/backbone-rails,8,ruby,166,0,0.9066666666666666
codecation/trailmix,5,ruby,1075,81.1567164179104,0.881578947368421
codefirst/AsakusaSatellite,10,ruby,3436,8.12595226003047,0.9472693032015066
codeforamerica/adopt-a-hydrant,5,ruby,13850,0.0730406836607991,0.9156010230179028
codeforamerica/citygram,13,ruby,1478,71.3245997088792,0.9198949441891004
codeforamerica/follow-all,3,ruby,198,6.41025641025641,0.9354838709677419
codeforamerica/textizen,6,ruby,1393,94.3820224719101,0.1404494382022472
codetriage/codetriage,13,ruby,1396,19.2468619246862,0.8548094373865699
codevise/pageflow,10,ruby,5928,125.506072874494,0.9778481012658228
codez/dry_crud,2,ruby,4884,16.4761264290518,0.4674329501915709
coinbase/toshi,13,ruby,4879,8.20849579314591,0.8951048951048951
colinsurprenant/redstorm,2,ruby,1633,134.736842105263,0.7626262626262627
collectiveidea/audited,9,ruby,789,300.341296928328,0.6450482033304119
collectiveidea/awesome_nested_set,11,ruby,1006,251.81598062954,0.7052509733768284
collectiveidea/interactor,9,ruby,163,558.282208588957,0.9814814814814815
collectiveidea/json_spec,3,ruby,501,231.927710843373,0.8762886597938144
colszowka/simplecov,13,ruby,1104,130.998702983139,0.5943896891584534
comfy/comfortable-mexican-sofa,12,ruby,5743,152.603231597846,0.8047945205479452
Compass/compass-rails,9,ruby,646,272.727272727273,0.8295107033639144
concerto/concerto,21,ruby,6800,0.466635557629491,0.8333817970340215
connectbot/connectbot,7,java,32955,2.59021604756579,0.9397363465160076
coorasse/Airesis,4,ruby,103573,4.68012533216991,0.14201183431952663
crawljax/crawljax,7,java,9316,21.0970464135021,0.5529411764705883
crowdint/rails3-jquery-autocomplete,7,ruby,1344,18.348623853211,0.9072164948453608
cryptosphere/rbnacl,7,ruby,1059,217.948717948718,0.8762886597938144
csc/Hanlon,7,ruby,13943,19.0613199064916,0.9512195121951219
ctran/annotate_models,8,ruby,800,120.401337792642,0.5336032388663967
CyberAgent/android-gpuimage,4,java,7737,0,0.38613861386138615
cypriss/mutations,5,ruby,800,255,0.8385650224215246
cyu/rack-cors,6,ruby,523,112.14953271028,0.7926829268292683
daimajia/AndroidImageSlider,3,java,3936,0,0.8717948717948718
danielweinmann/catarse,8,ruby,5676,34.9756690997567,0.28033866415804326
danmayer/coverband,4,ruby,579,76.9230769230769,0.6122448979591837
danmunn/redmine_dmsf,4,ruby,6156,47.3828258638385,0.2456575682382134
dannnylo/rtesseract,4,ruby,471,61.5942028985507,0.7122641509433962
data-axle/cassandra_object,6,ruby,1791,4.94437577255871,0.2723735408560311
DatabaseCleaner/database_cleaner,5,ruby,2104,126.91466083151,0.80625
datamapper/do,5,ruby,3646,23.861766319254,0.8509316770186336
datastax/java-driver,18,java,33140,37.5579645610048,0.8014440433212996
datastax/ruby-driver,13,ruby,19940,138.602251407129,0.5405232929164008
davetron5000/gli,7,ruby,3148,79.8696006519967,0.6598540145985401
davetron5000/methadone,5,ruby,957,11.2359550561798,0.6531850353892821
davidcelis/api-pagination,6,ruby,293,324.324324324324,0.9375
davidcelis/recommendable,3,ruby,893,123.947051744886,0.635036496350365
davidmoten/rxjava-jdbc,3,java,4690,59.6606458675424,0.965
dblock/rspec-rerun,5,ruby,175,246.575342465753,0.8682634730538922
dblock/waffle,7,java,6324,44.9127655899119,0.8393030009680542
ddollar/foreman,15,ruby,1017,110.644257703081,0.802948402948403
deeplearning4j/deeplearning4j,16,java,94128,9.54513508654365,0.09638122536725188
defunkt/fakefs,11,ruby,2099,203.296703296703,0.7345238095238096
dejan/auto_html,2,ruby,423,289.855072463768,0.6231884057971014
dejan/rails_panel,5,ruby,351,42.3728813559322,0.8656716417910447
denniskuczynski/beanstalkd_view,4,ruby,435,40.8163265306122,0.8384615384615385
devnied/EMV-NFC-Paycard-Enrollment,2,java,5649,12.9893238434164,0.8995983935742972
dianping/cat,13,javascript,77578,8.51740513222673,0.7458100558659218
diaspora/diaspora,45,ruby,20524,94.1932450434919,0.37552378604880454
dinosaurwithakatana/hacker-news-android,4,java,4975,0.331345261762757,0.3050847457627119
diowa/icare,2,ruby,2380,76.7441860465116,0.9200626959247649
discourse/onebox,12,ruby,3490,184.615384615385,0.764797507788162
dita-ot/dita-ot,8,java,27664,16.9978752655918,0.8899138991389914
dkubb/adamantium,6,ruby,185,348.148148148148,0.6808785529715762
dkubb/axiom,5,ruby,3414,151.060070671378,0.6058890147225368
dkubb/equalizer,7,ruby,55,333.333333333333,0.7087126137841352
dkubb/ice_nine,5,ruby,241,546.875,0.618895966029724
dkubb/memoizable,4,ruby,168,221.556886227545,0.6918990703851262
dkubb/veritas,2,ruby,3221,146.178343949045,0.6476190476190476
dmarcotte/github-markdown-preview,3,ruby,197,197.969543147208,0.8007312614259597
doanduyhai/Achilles,6,java,20167,102.916064626297,0.9209535759096612
dockyard/party_foul,5,ruby,406,128.07881773399,0.7385892116182573
doorkeeper-gem/doorkeeper,14,ruby,4720,99.6168582375479,0.8394278973754055
DozerMapper/dozer,5,java,15756,49.1876110687992,0.7287581699346405
dradis/dradisframework,4,ruby,17733,7.82279314888011,0.25
drapergem/draper,13,ruby,908,418.816388467375,0.6592770121829439
drbrain/net-http-persistent,3,ruby,720,221.774193548387,0.7015706806282722
dreamhead/moco,5,java,9914,53.1434525877041,0.5892667375132837
drecom/activerecord-turntable,2,ruby,2911,30.7567786321327,0.8757592490336831
drewnoakes/metadata-extractor,5,java,21400,8.95487215741723,0.9714285714285714
dropwizard/dropwizard,39,java,17247,65.4606598248971,0.9184966216216216
dropwizard/metrics,16,java,9786,51.4653323802716,0.887308533916849
drrb/puppet-library,2,ruby,1584,121.609798775153,0.8013793103448276
druid-io/druid,26,java,148082,17.7813029527346,0.8711819389110226
DSpace/DSpace,39,java,219122,3.55778099881407,0.9117647058823529
dynjs/dynjs,11,java,34562,35.0140644023679,0.8716632443531828
eapache/starscope,2,ruby,1040,65.625,0.8314285714285714
eclipse/jetty.project,6,java,134421,16.8111618656972,0.031578947368421054
edelight/chef-mongodb,8,ruby,1069,10.4493207941484,0.9280575539568345
egonSchiele/contracts.ruby,11,ruby,1627,147.996729354047,0.878987898789879
eirslett/frontend-maven-plugin,5,java,1868,4.04858299595142,0.7486772486772487
ejholmes/metaforce,2,ruby,1666,7.37100737100737,0.8342245989304813
elabs/pundit,12,ruby,403,202.564102564103,0.8367080339647289
elastic/logstash,36,ruby,18169,67.4915635545557,0.7454545454545455
elcuervo/airplay,2,ruby,1249,22.4089635854342,0.35064935064935066
elm-city-craftworks/practicing-ruby-web,5,ruby,2436,2.59515570934256,0.769041769041769
emberjs/ember-rails,8,ruby,710,7.5046904315197,0.8294181423924828
embulk/embulk,7,java,13862,11.2945264986968,0.9215686274509803
emilsjolander/sprinkles,1,java,1828,12.6373626373626,0.15
EmmanuelOga/ffaker,9,ruby,6644,134.421134421134,0.33668341708542715
encrypt-to/encrypt.to,3,ruby,597,72.1476510067114,0.8382352941176471
engineyard/engineyard,18,ruby,4929,101.413644744929,0.5124077800134138
engineyard/engineyard-serverside,21,ruby,16145,24.380050153246,0.8632846087704213
engineyard/ey-cloud-recipes,22,ruby,4926,4.40917107583774,0.9162393162393162
englishtown/vertx-jersey,3,java,2275,49.6894409937888,0.7961165048543689
enspiral/loomio,13,ruby,7392,115.417992479028,0.46632124352331605
eric/metriks,4,ruby,1336,41.7322834645669,0.628099173553719
ericam/susy,8,ruby,66,0,0.9240837696335078
erikhuda/thor,8,ruby,3135,221.169552433845,0.7342342342342343
errbit/errbit,15,ruby,3762,142.530487804878,0.8807166430928807
escapestudios-cookbooks/newrelic,5,ruby,1372,76.6073871409029,0.6280788177339901
Esri/geometry-api-java,9,java,57497,7.26212466949183,0.9852507374631269
essentials/Essentials,17,java,55330,0.28507748924480403,0.8685220729366603
eval/envied,2,ruby,412,118.110236220472,1
eventmachine/eventmachine,9,ruby,5234,57.3389864728447,0.4471830985915493
everzet/capifony,7,ruby,1707,31.6151202749141,0.9656862745098039
evolve75/RubyTree,2,ruby,1844,58.0260303687636,0.660904255319149
excilys/androidannotations,12,java,23342,19.4834847024202,0.8880208333333334
excon/excon,8,ruby,2766,2.53073029645698,0.7334630350194552
eXist-db/exist,19,java,355836,6.68703712534435,0.7882063882063882
expertiza/expertiza,14,ruby,30773,27.0322907334554,0.4071789119461582
express42/zabbixapi,5,ruby,1581,98.9690721649484,0.5432525951557093
exteso/alf.io,5,java,14993,9.14980297869498,0.9187956204379562
fabiomaffioletti/jsondoc,3,java,3841,14.3191877115335,0.9893842887473461
facebook/buck,55,java,235341,20.9309074896922,0.3818297331639136
facebook/presto,37,java,178895,12.9460400348129,0.4862981885740827
facebook/rebound,5,java,4027,22.4913494809689,0.8155339805825242
FasterXML/jackson-annotations,3,java,1471,0,0.9198606271777003
FasterXML/jackson-core,4,java,21451,0.759013282732448,0.94109396914446
FasterXML/jackson-databind,7,java,56265,0.408867082644481,0.7181497451979616
fastestforward/heroku_san,5,ruby,945,76.3968072976055,0.6862068965517242
fastlane/spaceship,16,ruby,3850,115.846994535519,0.7435141509433962
fatfreecrm/fat_free_crm,10,ruby,9072,144.265622734522,0.4940027894002789
faye/faye-websocket-ruby,4,ruby,1269,39.4973070017953,0.6613439787092482
fazibear/colorize,2,ruby,167,314.814814814815,0.9588477366255144
feedbin/feedbin,4,ruby,9673,5.35455861070912,0.6750871080139372
felipecsl/wombat,2,ruby,567,176.678445229682,0.9219219219219219
FenixEdu/fenixedu-academic,20,java,614186,0.241578980138223,0.9693661971830986
fernandezpablo85/scribe-java,4,java,2822,38.9072847682119,0.954954954954955
fgrehm/vagrant-lxc,10,ruby,1791,54.928517682468,0.9430379746835443
fgrehm/ventriloquist,2,ruby,1258,19.1570881226054,0.9618320610687023
Findwise/Hydra,9,java,15262,28.5314312379175,0.8688524590163934
flavorjones/loofah,3,ruby,752,156.914893617021,0.6521739130434783
floere/phony,13,ruby,11434,12.5178826895565,0.890960809102402
flood-io/ruby-jmeter,4,ruby,6269,20.9952058191437,0.6648648648648648
flori/json,5,java,3420,0,0.5384615384615384
fluent/fluent-logger-ruby,8,ruby,430,37.2093023255814,0.6839622641509434
fluent/fluent-plugin-s3,8,ruby,832,107.784431137725,0.7171717171717171
fluent/fluentd,17,ruby,15914,40.1079136690648,0.9040561622464899
flyerhzm/bullet,10,ruby,2262,207.715133531157,0.7214710654407788
fnando/browser,5,ruby,1678,185.185185185185,0.9070373588184187
fog/fog,98,ruby,171638,1.40789100198694,0.5748432871805469
FontCustom/fontcustom,3,ruby,820,146.757679180887,0.7665198237885462
ForgeEssentials/ForgeEssentialsMain,11,java,46467,0,0.927710843373494
foursquare/fongo,3,java,3998,93.3812211390457,0.96
foursquare/twofishes,10,java,201,0,0.3630769230769231
fphilipe/premailer-rails,4,ruby,581,127.81954887218,0.5529411764705883
frab/frab,8,ruby,6669,0.173220162826953,0.8928571428571429
franckverrot/activevalidators,8,ruby,640,267.139479905437,0.4711111111111111
fredjean/middleman-s3_sync,9,ruby,671,44.5269016697588,0.9419014084507042
freerange/mocha,8,ruby,3216,263.002582073036,0.6957264957264957
Frege/frege,5,java,17281,0,0.8313253012048193
Fullscreen/bh,10,ruby,1403,6.45161290322581,0.9607843137254902
Fullscreen/yt,6,ruby,3165,57.4712643678161,0.6911764705882353
futuresimple/android-db-commons,7,java,4213,87.5727663882561,0.954248366013072
gabrielemariotti/cardslib,3,java,29731,0,0.8260869565217391
gamache/hyperresource,6,ruby,1066,79.3157076205288,0.5081081081081081
garethr/garethr-docker,10,ruby,298,722.89156626506,0.9225315126050421
garybernhardt/selecta,4,ruby,50031,2727.27272727273,0.9263157894736842
gavinlaking/vedeu,3,ruby,32343,3.93900889453621,0.914868804664723
gazay/gon,3,ruby,712,115.264797507788,0.8856053384175405
Gazler/githug,6,ruby,1591,98.8526037069726,0.9177142857142857
Gazler/rapidash,3,ruby,429,255.154639175258,0.8102189781021898
gedankenstuecke/snpr,7,ruby,5492,24.8198558847078,0.6821877309682187
geminabox/geminabox,6,ruby,1192,66.6666666666667,0.6216216216216216
geoserver/geoserver,65,java,335090,16.7412742755209,0.468141045468605
getsentry/raven-java,8,java,5348,78.5592739648327,0.7885402455661664
gettalong/kramdown,6,ruby,6805,0.748727163821504,0.6501766784452296
ging/social_stream,8,ruby,8612,200,0.7612218724495744
GiocoApp/gioco,2,ruby,371,73.8636363636364,0.774390243902439
gistflow/gistflow,2,ruby,2911,34.5094998061264,0.6758893280632411
git/git-scm.com,7,ruby,2034,22.80348759222,0.8634361233480177
github/developer.github.com,39,ruby,2528,0,0.5543478260869565
github/gemoji,9,ruby,238,8.40336134453782,0.8351648351648352
github/github-services,19,ruby,9036,76.321376690133,0.8997722095671982
github/hub,19,ruby,2962,25.2442996742671,0.8038243626062322
github/linguist,19,ruby,3987,45.1547437848808,0.8956158663883089
github/pages-gem,9,ruby,159,259.259259259259,0.8943364327979713
gitlabhq/gitlab-ci,11,ruby,2438,25.6286266924565,0.6731662024141133
gitlabhq/gitlab-ci-runner,14,ruby,455,0,0.8141592920353983
gjtorikian/html-proofer,6,ruby,1025,197.786998616874,0.7534533277521975
glebm/i18n-tasks,5,ruby,3702,190.47619047619,0.7990777338603425
glebm/rails_email_preview,6,ruby,719,28.6885245901639,0.6260102865540044
glejeune/Ruby-Graphviz,2,ruby,6807,6.14416304510715,0.6797385620915033
GlowstoneMC/Glowstone,21,java,32948,2.06913774035889,0.9580152671755725
gma/nesta,7,ruby,1205,195.921985815603,0.6197183098591549
go-lang-plugin-org/go-lang-idea-plugin,13,java,42801,17.6545449622269,0.8692922374429224
gocardless/hutch,12,ruby,1261,81.8181818181818,0.9538300104931794
gocardless/statesman,16,ruby,858,110.275689223058,0.8760820045558086
GoClipse/goclipse,2,java,53437,1.95899177223456,0.9047619047619048
gogotanaka/Rubype,5,ruby,122,137.5,0.6879699248120301
goodow/realtime-store,1,java,4398,7.89379260853965,0.5588235294117647
google/auto,10,java,8710,26.4194081036454,0.8553719008264463
google/bazel,37,java,151553,15.5598860740519,0.35507246376811596
google/closure-compiler,53,java,149372,1.75471946422566,0.9292929292929293
google/error-prone,16,java,38561,42.7634138118825,0.9571788413098237
google/google-api-ruby-client,10,ruby,183974,70.694087403599,0.8063876651982379
google/guava,9,java,103426,5.27143981117231,0.9788135593220338
google/guice,7,java,22536,2.26304579339723,0.8905367231638418
google/physical-web,18,java,6174,15.6378600823045,0.9716193656093489
google/signet,4,ruby,3030,117.096018735363,0.5918580375782881
google/truth,11,java,4045,230.060466455514,0.8328690807799443
GoogleCloudPlatform/DataflowJavaSDK,27,java,67091,39.6177888300318,0.9344790547798066
gradle/gradle,51,java,209562,12.1441907694323,0.9027370478983382
grails/grails-core,18,java,72481,0.396838519792321,0.6738938053097345
graphhopper/graphhopper,11,java,31890,23.9471511147812,0.9173716864072194
Graylog2/graylog2-server,15,java,71776,45.2807997647751,0.9165227403569373
gree/observed,3,ruby,1768,57.7105014191107,0.6928104575163399
greenrobot/greenDAO,4,java,7775,9.88113991121295,0.4892703862660944
gregorym/bump,4,ruby,192,322.916666666667,0.4447592067988669
gresrun/jesque,3,java,5289,74.162110767768,0.8323353293413174
griffon/griffon,3,java,56260,13.5925844006997,0.7701421800947867
grocer/grocer,6,ruby,598,224.137931034483,0.5904977375565611
grosser/fast_gettext,4,ruby,1614,144.981412639405,0.7743431221020093
grosser/parallel,5,ruby,446,200,0.6279863481228669
grosser/parallel_tests,6,ruby,1389,215.859030837004,0.5256410256410257
grosser/wwtd,3,ruby,435,226.277372262774,0.5507900677200903
Growstuff/growstuff,21,ruby,34905,308.580858085809,0.8802946593001841
grpc/grpc-java,24,java,65143,22.0396326727888,0.8967777170944838
guard/guard,14,ruby,10798,249.663526244953,0.718097270925446
guard/guard-livereload,7,ruby,746,222.222222222222,0.9573770491803278
guard/guard-minitest,5,ruby,1083,223.255813953488,0.7426850258175559
guard/guard-rspec,11,ruby,2341,284.313725490196,0.9490516920788398
guard/guard-spork,5,ruby,330,209.821428571429,0.8546409807355516
guard/listen,11,ruby,4254,1133.33333333333,0.4841620626151013
guardian/swarmize,3,ruby,3116,88.6426592797784,0.9272030651340997
gwtbootstrap/gwt-bootstrap,7,java,15532,0.248159483828274,0.7796610169491526
gwtbootstrap3/gwtbootstrap3,6,java,13560,0.322867059488256,0.9570707070707071
h3xstream/find-sec-bugs,3,java,5110,33.3333333333333,0.8571428571428571
hacketyhack/hackety-hack.com,10,ruby,1206,113.382899628253,0.4953271028037383
haiwen/seadroid,10,java,31186,0.069309675630718,0.8573487031700289
hakanensari/vacuum,3,ruby,686,113.003095975232,0.8181818181818182
hamcrest/JavaHamcrest,6,java,4393,53.5668951510536,0.8418491484184915
haml/haml,15,ruby,3477,118.012422360248,0.7434803224276908
hamstergem/hamster,9,ruby,17033,301.803459698197,0.5885111371629543
hashrocket/decent_exposure,7,ruby,420,227.272727272727,0.8499384993849939
helun/Ektorp,5,java,11079,31.6844195703196,0.9476923076923077
heroku/heroku,41,ruby,8504,83.0605564648118,0.8494915254237289
heroku/heroku-buildpack-ruby,10,ruby,68401,82.4341401769223,0.5547945205479452
heroku/heroku.rb,5,ruby,2196,72.5446428571429,0.6092592592592593
hexorx/countries,5,ruby,450,520.20202020202,0.9150537634408602
hiki/hiki,5,ruby,21812,14.3375367075488,0.6621621621621622
hipchat/hipchat-rb,4,ruby,1160,108.778625954198,0.8998384491114702
holman/boom,2,ruby,768,97.65625,0.7065217391304348
Homebrew/homebrew-bundle,7,ruby,878,132.042253521127,0.919908466819222
Homebrew/homebrew-nginx,11,ruby,1058,0,0.8134615384615385
Homebrew/homebrew-science,81,ruby,23850,0,0.7322860962566845
honeybadger-io/honeybadger-ruby,9,ruby,7499,109.253065774805,0.8340014948698784
hotchemi/Android-Rate,7,java,604,0,0.5023696682464455
hotsh/rstat.us,15,ruby,2828,210.154525386313,0.6544117647058824
hstaudacher/osgi-jax-rs-connector,3,java,3413,100,0.8958333333333334
hstove/rbtc_arbitrage,4,ruby,700,95.2380952380952,0.687041564792176
hsz/idea-gitignore,2,java,6388,3.21380243572395,0.7155963302752294
htty/htty,6,ruby,3519,305.073649754501,0.9362934362934363
HubSpot/jinjava,7,java,9777,41.6605972323379,0.8032520325203252
HubSpot/Singularity,12,java,39996,4.66878318170904,0.5028608442189355
huerlisi/bookyt,6,ruby,6407,29.7347977497991,0.40021929824561403
hw-cookbooks/graphite,8,ruby,1184,207.897793263647,0.7780979827089337
hybridgroup/artoo,8,ruby,2435,8.35073068893528,0.8869257950530035
iconara/cql-rb,7,ruby,4121,294.615849969752,0.6089309878213802
IDPF/epubcheck,16,java,26078,57.4926542605289,0.9424460431654677
igniterealtime/Openfire,22,java,209891,0.844180169152601,0.9638084632516704
igniterealtime/Smack,7,java,57201,9.45787661054877,0.8205980066445183
igrigorik/http-2,5,ruby,2558,150.607287449393,0.671875
iipc/openwayback,13,java,36990,0,0.8631178707224335
iluwatar/java-design-patterns,11,java,12164,51.8169582772544,0.9542857142857143
imathis/octopress,7,ruby,1961,5.82147477360931,0.7842323651452282
inaturalist/inaturalist,11,ruby,52821,36.8298279883935,0.6592292089249493
increments/qiita-markdown,7,ruby,1216,67.6795580110497,0.8960739030023095
inf0rmer/blanket,2,ruby,199,215.909090909091,0.9722222222222222
influitive/apartment,12,ruby,844,184.855233853007,0.8112820512820513
influxdb/influxdb-ruby,8,ruby,663,155.172413793103,0.5971223021582733
infochimps-labs/wukong,7,ruby,10755,47.142015321155,0.030456852791878174
innoq/iqvoc,7,ruby,6464,3.82775119617225,0.5747126436781609
inossidabile/protector,3,ruby,1997,84.070796460177,0.7970183486238532
instructure/canvas-lms,45,ruby,142204,69.6230598669623,0.2798794777368597
integrallis/stripe_event,6,ruby,256,30.5343511450382,0.8272095332671301
integrity/integrity,6,ruby,2272,11.7899249732047,0.553314121037464
interagent/pliny,14,ruby,1515,90.9090909090909,0.931185944363104
interagent/prmd,14,ruby,1404,40.3877221324717,0.8442105263157895
intercom/intercom-ruby,13,ruby,1520,132.413793103448,0.6930970149253731
intridea/hashie,12,ruby,1463,286.948176583493,0.7985574446161773
intridea/oauth2,6,ruby,498,163.440860215054,0.5721583652618135
intridea/omniauth,6,ruby,6716,189.856957087126,0.7400185701021356
intuit/simple_deploy,12,ruby,2490,87.3113015095879,0.8547486033519553
inukshuk/bibtex-ruby,4,ruby,3475,105.442176870748,0.5971428571428572
inviqa/chef-php-extra,4,ruby,875,31.8559556786704,0.7604166666666666
ioquatix/rubydns,4,ruby,1081,49.9528746465598,0.6363636363636364
isaiah/jubilee,2,ruby,2116,144.10480349345,0.43243243243243246
ivaldi/brimir,6,ruby,2813,1.91938579654511,0.8352941176470589
jaimeiniesta/metainspector,4,ruby,668,312.252964426877,0.9060022650056625
jakenjarvis/Android-OrmLiteContentProvider,3,java,4861,28.746465598492,0.3767123287671233
JakeWharton/DiskLruCache,5,java,791,79.646017699115,0.8987341772151899
JakeWharton/timber,3,java,1042,44.4444444444444,0.9852216748768473
JakeWharton/u2020,12,java,6313,0.503609199261373,0.9301310043668122
jamesagnew/hapi-fhir,6,java,652174,11.4014731106851,0.5409356725146199
jarib/childprocess,2,ruby,1627,30.1339285714286,0.5470219435736677
jasmine/jasmine-gem,7,ruby,1256,134.408602150538,0.6970915841584159
javaee-samples/javaee7-samples,5,java,19953,21.1998195760036,0
JavaMoney/jsr354-api,4,java,2457,95.2177625960717,0.9296875
javaparser/javaparser,9,java,14218,4.12249705535925,0.9768518518518519
javaslang/javaslang,13,java,28399,275.43720190779,0.9355223880597014
jayroh/thredded,4,ruby,3829,48.0833893745797,0.5385174418604651
jayway/JsonPath,4,java,7694,74.245939675174,0.9478827361563518
jayway/rest-assured,3,java,11194,106.275007319215,0.9744408945686901
jbachorik/btrace,4,java,24062,5.15764079527494,0.7951219512195122
jberkel/sms-backup-plus,3,java,7310,27.0685084414678,0.8289855072463768
jbox-web/redmine_git_hosting,7,ruby,10797,43.6342758719678,0.5861145644066176
jcabi/jcabi-aspects,9,java,2389,36.0889634913974,0.86512370311253
jcabi/jcabi-github,12,java,17656,47.6787954830615,0.6021881838074398
jcabi/jcabi-http,6,java,3369,26.9755633132339,0.7745302713987474
jch/html-pipeline,9,ruby,796,180.904522613065,0.8548931383577053
jdamcd/android-crop,2,java,1533,0,0.4785714285714286
jdantonio/functional-ruby,4,ruby,1323,401.544401544402,0.8107036669970268
jdigger/git-process,3,ruby,1959,87.6201243640475,0.8626760563380281
jedi4ever/veewee,16,ruby,16199,2.12875757966714,0.8513011152416357
jekyll/jekyll-redirect-from,7,ruby,124,322.58064516129,0.8493506493506493
jekyll/jekyll-sitemap,10,ruby,73,490.566037735849,0.7222222222222222
jekyll/mercenary,4,ruby,368,100.946372239748,0.8685446009389671
jenkinsci/jenkins.rb,8,ruby,3636,46.045197740113,0.8418367346938775
jeremyevans/sequel,5,ruby,32397,181.032586494045,0.8617021276595744
jeremyw/stamp,4,ruby,397,57.9345088161209,0.7551020408163265
jetrockets/attrio,3,ruby,667,127.586206896552,0.696
jfelchner/ruby-progressbar,7,ruby,2110,175.837320574163,0.5706084959816303
jfirebaugh/konacha,8,ruby,514,217.948717948718,0.8754966887417218
JFXtras/jfxtras-labs,17,java,57846,2.5340985317135,0.44635193133047213
jhalterman/modelmapper,3,java,6336,38.2185723310171,0.9509433962264151
jhnvz/retina_rails,4,ruby,290,106.382978723404,0.8373362445414847
jhy/jsoup,2,java,10696,50.299177262528,0.98
jimmycuadra/lita,3,ruby,2436,190,0.9593220338983051
jimweirich/rake,8,ruby,3687,152.008686210641,0.8719298245614036
jimweirich/rspec-given,2,ruby,2510,0,0.7688888888888888
jipiboily/monologue,6,ruby,772,198.019801980198,0.6544117647058824
jlong/serve,5,ruby,1425,38.1625441696113,0.7414965986394558
jmettraux/rufus-scheduler,4,ruby,1545,220.140515222482,0.6674876847290641
jmkgreen/morphia,4,java,10159,33.1322322223321,0.8678571428571429
jMonkeyEngine/jmonkeyengine,16,java,214505,0.674243214124353,0.8122950819672131
jmxtrans/jmxtrans,13,java,9873,27.8260869565217,0.869309838472834
jneen/rouge,15,ruby,14486,32.3565323565324,0.9166072701354241
jnicklas/capybara,15,ruby,10236,36.9261477045908,0.5477162037646439
jnicklas/turnip,6,ruby,848,107.046070460705,0.9132915002852253
jnunemaker/flipper,4,ruby,4799,198.899371069182,0.7915531335149864
jnunemaker/httparty,9,ruby,1768,243.67816091954,0.8278894472361809
joakimk/minimapper,4,ruby,821,112.244897959184,0.8136752136752137
JodaOrg/joda-time,5,java,30498,0.893102500687002,0.9658119658119658
joelittlejohn/embedmongo-maven-plugin,3,java,641,23.4986945169713,0.9939024390243902
joelittlejohn/jsonschema2pojo,8,java,5014,93.0383864671438,0.9598337950138505
joenorton/rubyretriever,1,ruby,556,62.9496402877698,0.7515151515151515
joeyates/imap-backup,2,ruby,871,250,0.8267477203647416
johnbellone/consul-cookbook,12,ruby,1027,21.4669051878354,0.7147826086956521
johncarl81/parceler,3,java,5037,27.603003856302,0.940554821664465
joliss/jquery-ui-rails,4,ruby,97,10.5263157894737,0.9368421052631579
jOOQ/jOOQ,7,java,130053,10.2877110704967,0.7747625508819539
jordansissel/fpm,6,ruby,4740,43.9958592132505,0.6305506216696269
jorgemanrubia/mailgun_rails,3,ruby,413,5.05050505050505,0.569672131147541
joscha/play-authenticate,11,java,6284,1.6946280291476,0.6137787056367432
josevalim/rails-footnotes,8,ruby,1043,21.4216163583252,0.7701149425287356
JoshCheek/seeing_is_believing,4,ruby,2580,173.736462093863,0.6450511945392492
joshwlewis/unitwise,3,ruby,1106,139.281828073993,0.6633416458852868
journeyapps/zxing-android-embedded,3,java,13874,2.07948243992606,0.7705882352941177
jphp-compiler/jphp,6,java,82336,16.017985106084,0.7539748953974895
jpos/jPOS,10,java,45500,85.096803241783,0.9388379204892966
jprante/elasticsearch-jdbc,2,java,12677,17.2573189522342,0.8408304498269896
jruby/activerecord-jdbc-adapter,19,ruby,12198,64.4056183624529,0.6203813058883078
jruby/jruby,50,ruby,322263,381.177916209763,0.34222561281644615
jruby/jruby-rack,8,ruby,3518,178.072625698324,0.4215686274509804
jruby/warbler,7,ruby,11092,166.907253699026,0.6942148760330579
jsmestad/pivotal-tracker,7,ruby,634,138.801261829653,0.5384615384615384
jsonld-java/jsonld-java,6,java,7334,16.7185707261105,0.8616541353383459
jsprit/jsprit,4,java,21311,63.2593691175632,0.9219330855018587
jtwig/jtwig,3,java,9604,80.2243076218815,0.9098360655737705
JuanitoFatas/fast-ruby,9,ruby,906,0,0.9871794871794872
judofyr/temple,3,ruby,1796,83.4609494640122,0.74
julianhyde/linq4j,4,java,14307,16.495421821486,0.9846153846153847
julianhyde/optiq,15,java,107649,14.5644177492201,0.8686233403214535
julman99/gson-fire,3,java,1984,50.6024096385542,0.8761904761904762
june29/horesase-boys,5,ruby,66,0,0.9593023255813954
junegunn/fzf,5,ruby,37,5142.85714285714,0.87
junit-team/junit,12,java,9332,146.169236201012,0.9664233576642336
justinfrench/formtastic,13,ruby,2955,383.432963279249,0.8214003685180311
jwtk/jjwt,4,java,5066,0.497883993029624,0.9113043478260869
k0kubun/githubranking,1,ruby,1274,9.765625,0.8387096774193549
kaizenplatform/fluent-plugin-bigquery,6,ruby,777,67.3575129533679,0.9607142857142857
Kapeli/cheatsheets,22,ruby,45967,0,0.9715302491103203
karmi/retire,5,ruby,3754,259.151279559443,0.2360248447204969
KatanaCode/blogit,3,ruby,917,114.537444933921,0.048365122615803814
keen/pingpong,7,ruby,895,88.785046728972,0.5703125
keenlabs/keen-gem,10,ruby,754,201.133144475921,0.7235676314235086
kei-s/github-preview,2,ruby,21,428.571428571429,0.84
kelemen/netbeans-gradle-project,4,java,44332,5.0926679533986,0.8863636363636364
kenichi/angelo,5,ruby,1711,75.0147666863556,0.8556338028169014
kernow/shortcode,3,ruby,241,219.917012448133,0.8986486486486487
kevinsawicki/http-request,4,java,1396,118.506493506493,1
kickstarter/rack-attack,3,ruby,532,153.614457831325,0.8292978208232445
killbill/killbill,7,java,80284,18.876993663972,0.4560061208875287
kishikawakatsumi/xcjobs,5,ruby,954,181.494661921708,0.9315789473684211
kmuto/review,10,ruby,14569,62.0880289177121,0.8684064408661855
knightliao/disconf,4,java,15915,2.77354042435169,0.8503521126760564
kongchen/swagger-maven-plugin,8,java,4271,8.26730967964175,0.7948717948717948
kostya/eye,9,ruby,5129,156.572335361016,0.1419959812458138
kostyantyn/hydra_attribute,2,ruby,2308,181.022880215343,0.8477508650519031
kovyrin/db-charmer,3,ruby,2041,122.562674094708,0.5548961424332344
kpumuk/meta-tags,6,ruby,429,526.315789473684,0.6808300395256917
KrauseFx/deliver,3,ruby,2116,57.9387186629526,0.7917525773195876
KrauseFx/fastlane,4,ruby,6259,47.9233226837061,0.7607904316172647
krisleech/wisper,3,ruby,1117,277.602523659306,0.8902147971360382
KronicDeth/intellij-elixir,3,java,51757,12.7687085825117,0.8465011286681715
ksoichiro/Android-ObservableScrollView,2,java,8622,3.92156862745098,0.9061032863849765
ktoso/maven-git-commit-id-plugin,5,java,2883,49.2662473794549,0.8296089385474861
kuujo/copycat,2,java,20580,9.45665698880133,0.3305084745762712
kytrinyx/approvals,4,ruby,820,74.6268656716418,0.9043824701195219
kytrinyx/etsy,8,ruby,1126,282.909930715935,0.4657534246575342
l0rdn1kk0n/wicket-bootstrap,11,java,20300,19.5724179464017,0.48414738646101113
la-team/light-admin,5,java,11787,15.3688524590164,0.6322314049586777
lanej/cistern,5,ruby,1155,57.8338590956888,0.7320261437908496
langalex/couch_potato,4,ruby,1909,248.665955176094,0.5582298136645962
languagetool-org/languagetool,19,java,52453,5.17590435081554,0.8974358974358975
laradji/zabbix,6,ruby,2567,8.56531049250535,0.31932773109243695
lardawge/carrierwave_backgrounder,3,ruby,412,163.323782234957,0.7730870712401056
larsga/Duke,4,java,10957,59.260810386347,0.6978021978021978
laserlemon/figaro,4,ruby,286,377.659574468085,0.8017572762218561
lassebunk/gretel,4,ruby,584,0,0.6666666666666666
laurentpetit/ccw,7,java,14145,0.781139042749609,0.4592274678111588
laurilehmijoki/s3_website,2,java,11,0,0.9846153846153847
layervault/psd.rb,5,ruby,5010,20.4422194409679,0.7741194486983155
le0pard/mongodb_logger,2,ruby,1542,78.0669144981413,0.7961835160373528
ledermann/unread,5,ruby,379,230.240549828179,0.875
leejarvis/slop,4,ruby,603,168.674698795181,0.7343453510436433
leereilly/swot,71,ruby,321,37.5,0.6509652509652509
lemire/RoaringBitmap,7,java,9763,46.2449130595635,0.912621359223301
lemurheavy/coveralls-ruby,5,ruby,560,89.7703549060543,0.745125348189415
lenskit/lenskit,6,java,32334,31.7520215633423,0.7756033920417482
levkhomich/akka-tracing,2,java,3842,0,0.5909961685823755
lian/bitcoin-ruby,16,ruby,8965,51.8358531317495,0.6180555555555556
librato/librato-metrics,6,ruby,985,196.938775510204,0.814665592264303
librato/librato-rails,11,ruby,719,45.7256461232604,0.872113676731794
ligi/PassAndroid,2,java,6790,0.345065562456867,0.1015625
linkedin/datafu,5,java,11558,43.9132851584213,0.8634686346863468
livingsocial/rake-pipeline,6,ruby,1270,160.337552742616,0.22401847575057737
Locale/localeapp,8,ruby,1692,148.453608247423,0.6835141571844403
locomote/gusteau,5,ruby,1134,0,0.6876876876876877
locomotivecms/engine,12,ruby,13608,45.996775926921,0.524628616106333
lodge/lodge,7,ruby,1439,31.2934631432545,0.7814540705267741
lookfirst/sardine,5,java,5261,13.1178707224335,0.8488372093023255
loomio/loomio,17,ruby,21550,46.6282276259714,0.728282168517309
loopj/android-async-http,9,java,7353,0,0.8459595959595959
lostisland/faraday,12,ruby,2799,105.394783851375,0.6722573549628815
lostisland/faraday_middleware,10,ruby,748,205.438066465257,0.8756830601092896
lostisland/sawyer,4,ruby,1276,77.5316455696203,0.936
lotus/controller,8,ruby,1236,238.095238095238,0.9711830131445905
lotus/lotus,9,ruby,2431,303.664921465969,0.8277872237065824
lotus/router,9,ruby,922,414.425427872861,0.9669187145557656
lotus/utils,8,ruby,1580,815.789473684211,0.9315068493150684
lotus/view,7,ruby,844,163.591635916359,0.9153737658674189
louismullie/treat,2,ruby,6634,13.0597014925373,0.5094339622641509
lsegal/yard,5,ruby,15624,101.454737318158,0.7584905660377359
LTe/grape-rabl,6,ruby,141,168,0.7413333333333333
luikore/nyara,5,ruby,3050,47.027208599261,0.7345844504021448
lukaszkorecki/CoffeeTags,4,ruby,363,197.986577181208,0.8313253012048193
lviggiano/owner,4,java,2868,156.222418358341,0.9190388170055452
lwe/simple_enum,7,ruby,322,354.497354497354,0.8274967574578469
lynndylanhurley/devise_token_auth,8,ruby,1649,78.1089414182939,0.8381742738589212
Mach5/supersonic,3,java,36981,0.175182481751825,0.46405228758169936
MagLev/maglev,18,ruby,119743,2.58892108801497,0.490702479338843
magnusvk/counter_culture,5,ruby,311,235.059760956175,0.9444444444444444
mailboxer/mailboxer,8,ruby,1059,211.986681465039,0.7640750670241286
makrio/makrio,10,ruby,17103,74.5621741931705,0
mame/quine-relay,2,ruby,2185,0,0.6915887850467289
ManageIQ/manageiq,82,ruby,369291,26.2955638885926,0.7959329290046379
manastech/crystal,12,ruby,13282,74.3192133131619,0.5347758887171561
manshar/manshar,7,ruby,2261,57.8034682080925,0.7859973579920739
maoueh/nugrant,2,ruby,2271,0,0.7587939698492462
marcandre/backports,3,ruby,5666,11.0062893081761,0.6348547717842323
markbates/configatron,4,ruby,1043,122.159090909091,0.8550295857988166
markevans/dragonfly,6,ruby,2809,256.694720734507,0.5626959247648903
MarkUsProject/Markus,19,ruby,21893,90.7513539092486,0.43375394321766564
marubinotto/Piggydb,3,java,17757,53.7766112569262,0.9491228070175438
Mashape/unirest-java,6,java,1391,34.0393343419062,0.8294036061026352
matschaffer/knife-solo,7,ruby,1547,105.540897097625,0.8312236286919831
mattbrictson/airbrussh,4,ruby,514,151.750972762646,0.848314606741573
mattdbridges/dotify,1,ruby,614,171.526586620926,0.7647840531561462
mattheworiordan/capybara-screenshot,4,ruby,666,161.048689138577,0.36151960784313725
matthuhiggins/foreigner,3,ruby,465,0,0.8129032258064516
mattray/spiceweasel,4,ruby,1443,41.0071942446043,0.5985401459854015
maxcom/lorsource,6,java,24821,15.2464302164901,0.920205319645357
maxdemarzi/neography,7,ruby,3131,216.346153846154,0.7058823529411765
MaximeD/gem_updater,3,ruby,264,148.325358851675,0.9650145772594753
mbj/anima,7,ruby,193,176.470588235294,0.4370629370629371
mbj/mutant,9,ruby,5819,107.594936708861,0.4869256630556593
mbj/unparser,3,ruby,2727,12.9504504504505,0.6440149625935162
mbleigh/acts-as-taggable-on,15,ruby,1285,204.098360655738,0.8322565759113982
mbosecke/pebble,4,java,6324,51.3231756214916,0.9072164948453608
mbulat/plutus,3,ruby,551,144.303797468354,0.8179310344827586
mceachen/closure_tree,8,ruby,1084,262.472885032538,0.5895788016610639
mcMMO-Dev/mcMMO,11,java,19407,0.214580762834612,0.8588235294117647
mdxp/nodejs-cookbook,4,ruby,162,0,0.76
mendhak/gpslogger,4,java,9771,8.39218094360864,0.8233438485804416
merit-gem/merit,4,ruby,1088,28.7836583101207,0.8715596330275229
metaskills/less-rails,5,ruby,264,73.9299610894942,0.7342192691029901
metaskills/less-rails-bootstrap,6,ruby,79,392.857142857143,0.7987152034261242
mfornos/humanize,2,java,6582,58.8235294117647,0.9246231155778895
mgodave/barge,6,java,12704,5.92557478075373,0.5113636363636364
mgomes/api_auth,7,ruby,790,283.221476510067,0.9605504587155963
mhfs/devise-async,4,ruby,285,188.405797101449,0.6356589147286822
michelson/lazy_high_charts,7,ruby,309,166.666666666667,0.8616071428571429
middleman/middleman,21,ruby,17107,5.43684410165634,0.6907179971658006
middleman/middleman-autoprefixer,4,ruby,130,0,0.9194630872483222
middleman/middleman-guides,23,ruby,86,0,0.8933901918976546
mikaelhg/urlbuilder,3,java,703,102.076124567474,0.8329113924050633
mikel/mail,15,ruby,33284,86.0227812055055,0.639129067756642
mikera/vectorz,5,java,43106,19.459145475668,0.9571788413098237
miketheman/nginx,5,ruby,1166,166.666666666667,0.5651465798045603
mileszs/wicked_pdf,6,ruby,705,0,0.6102783725910065
mina-deploy/mina,4,ruby,1123,60.9756097560976,0.2521942656524283
minimagick/minimagick,11,ruby,1494,159.744408945687,0.6802383316782522
MiniProfiler/rack-mini-profiler,7,ruby,3207,85.6586632057106,0.8891855807743658
MirakelX/mirakel-android,4,java,54801,11.6978373151577,0
mirego/gaffe,4,ruby,85,12.5,0.9140401146131805
mislav/will_paginate,7,ruby,1031,172.074729596854,0.7357142857142858
mitchellh/vagrant,59,ruby,34940,100.596642153462,0.9029038112522686
mivok/markdownlint,5,ruby,1075,26.3653483992467,0.943502824858757
mixi-inc/RubyTraining,6,ruby,228,186.567164179104,0.9259259259259259
mixpanel/mixpanel-ruby,5,ruby,438,96.3302752293578,0.9325581395348838
mkdynamic/omniauth-facebook,5,ruby,282,569.444444444444,0.7747957992998833
mmozuras/pronto,5,ruby,1337,12.779552715655,0.9096176129779838
mockito/mockito,21,java,36175,122.036417688592,0.8013136288998358
mojombo/god,2,ruby,3993,72.6072607260726,0.7081545064377682
mongodb/morphia,6,java,13876,57.4141384170314,0.8235294117647058
mongoid-rspec/mongoid-rspec,4,ruby,1245,0,0.5894039735099338
mongoid/moped,15,ruby,3266,198.810114030739,0.2915683962264151
mongoid/origin,5,ruby,1229,1084.63035019455,0.8494623655913979
mongomapper/mongomapper,9,ruby,4345,746.905089408528,0.5517668939863608
morgoth/picasa,3,ruby,1107,285.087719298246,0.6519823788546255
mozilla/MozStumbler,22,java,21359,3.4324942791762,0.9412706887346503
mpatric/mp3agic,3,java,4883,50.627338762932,0.9080459770114943
mperham/dalli,6,ruby,1683,81.6326530612245,0.4732965009208103
mperham/girl_friday,4,ruby,1031,25.025025025025,0.27956989247311825
mperham/sidekiq,25,ruby,3751,88.7759092686742,0.7672811059907834
mrkamel/search_cop,1,ruby,781,163.498098859316,0.9212034383954155
mroth/lolcommits,7,ruby,2234,21.7391304347826,0.8166118421052632
MrTJP/ProjectRed,12,java,23486,0,0.6607538802660754
ms-ati/docile,4,ruby,87,477.272727272727,0.7388137356919875
msgpack/msgpack-java,9,java,13607,126.684360963659,0.817283950617284
muffinista/chatterbot,2,ruby,1291,161.023947151115,0.7460035523978685
mustache/mustache,5,ruby,1146,141.605839416058,0.42613636363636365
mybatis/mybatis-3,16,java,20402,55.0697583022205,0.9397884458909682
mybatis/spring,6,java,1580,80.5022156573117,0.927689594356261
mycila/license-maven-plugin,2,java,2149,60.6694560669456,0.7819148936170213
myronmarston/vcr,6,ruby,2976,144.091223220456,0.5672043010752689
myui/hivemall,2,java,33185,6.49651972157773,0.8068833652007649
nahi/httpclient,4,ruby,5522,83.3333333333333,0.38407960199004976
nanoc/nanoc,8,ruby,7837,123.934053439454,0.7486539402838962
NARKOZ/ginatra,2,ruby,916,101.052631578947,0.7477064220183486
NARKOZ/gitlab,11,ruby,1472,344.75374732334,0.9354838709677419
nateware/redis-objects,4,ruby,1336,98.5221674876847,0.8449612403100775
nathanl/authority,3,ruby,362,245.341614906832,0.6747700394218134
nathanl/searchlight,3,ruby,249,229.166666666667,0.6384615384615384
natritmeyer/site_prism,3,ruby,1016,128.46865364851,0.8694444444444445
naver/pinpoint,19,java,127315,11.9568639798489,0.857085346215781
naver/yobi,16,java,26420,25.0889072928338,0.9079401611047181
nbudin/devise_cas_authenticatable,5,ruby,656,37.4531835205993,0.4705546026300743
ndbroadbent/turbo-sprockets-rails3,3,ruby,484,4.62962962962963,0.7128712871287128
neo4jrb/neo4j,14,ruby,10305,194.505015263846,0.6221383647798742
neo4jrb/neo4j-core,9,ruby,7942,133.042096902303,0.5515610217596972
nesquena/backburner,4,ruby,1224,162.708883025506,0.44140625
nesquena/rabl,9,ruby,1867,0.984251968503937,0.696969696969697
Netflix/denominator,3,java,11212,51.6457051110516,0.8349514563106796
Netflix/Hystrix,9,java,21420,48.0898876404494,0.5267489711934157
NetSweet/netsuite,3,ruby,5743,114.400401404917,0.7777777777777778
neuland/jade4j,4,java,5633,78.4401613626177,0.8295918367346938
nevans/resque-pool,3,ruby,870,35.632183908046,0.3835616438356164
newrelic/rpm,19,ruby,23166,127.645355312987,0.48391608391608393
NicosKaralis/pushmeup,3,ruby,476,0,0.5329949238578681
njonsson/cape,2,ruby,959,78.2608695652174,0.8849171752397559
nkzawa/socket.io-client.java,4,java,1334,56.1883067577828,0.8841201716738197
NoamB/sorcery,10,ruby,2750,161.926605504587,0.7064765300059418
Nodeclipse/nodeclipse-1,3,java,93715,0.0577453890306859,0.8644688644688645
nohana/Laevatein,5,java,3154,5.60328726186029,0.7761194029850746
Nordstrom/chef-vault,6,ruby,1513,26.0695187165775,0.7922848664688428
norman/friendly_id,16,ruby,773,2.13219616204691,0.6283374866500534
northworld/google_calendar,3,ruby,626,109.510086455331,0.8764705882352941
notnoop/java-apns,7,java,2019,56.9105691056911,0.5825242718446602
nov/fb_graph,2,ruby,4772,97.5232198142415,0.8126232741617357
nov/json-jwt,3,ruby,795,46.2249614791988,0.7300115874855156
nov/openid_connect,1,ruby,1184,53.7037037037037,0.6544715447154471
numenta/htm.java,6,java,18559,31.7905059539846,0.9202037351443124
nurkiewicz/spring-data-jdbc-repository,3,java,585,165.04854368932,0.6733333333333333
nutzam/nutz,12,java,55379,21.5638566862268,0.5174200978980709
nviennot/nobrainer,6,ruby,4943,137.10302091402,0.904
oblac/jodd,7,java,84272,22.513981802788,0.927710843373494
ocpsoft/rewrite,6,java,31303,28.4419996764278,0.5508474576271186
octopress/ink,4,ruby,2671,6.36942675159236,0.8133333333333334
octopress/octopress,6,ruby,1155,5.53505535055351,0.7090909090909091
OfficeDev/ews-java-api,8,java,45580,2.74239207360226,0.990530303030303
olbrich/ruby-units,3,ruby,2529,13.8394622380388,0.7854984894259819
OneBusAway/onebusaway-android,8,java,31662,0.226368722310255,0.8255555555555556
ongaeshi/milkode,4,ruby,6396,16.7371712341365,0.8007968127490039
opal/opal,23,ruby,32795,183.215560574051,0.8981938628835697
opal/opal-jquery,7,ruby,634,305.135951661631,0.8222222222222222
openaustralia/morph,9,ruby,6723,11.8547789577673,0.9385579937304075
openfoodfoundation/openfoodnetwork,19,ruby,35268,69.0144173954148,0.5787339490876323
OpenGrok/OpenGrok,8,java,34441,11.0343225506708,0.9696132596685083
openid/ruby-openid,5,ruby,7816,107.161458333333,0.5678391959798995
openMF/mifosx,34,java,169062,1.69716893512672,0.9315254237288135
openpnp/openpnp,2,java,38380,0.259702784590968,0.9101423487544484
OpenRefine/OpenRefine,7,java,44974,5.21350546176763,0.9386138613861386
openshift/rhc,19,ruby,13358,51.0112359550562,0.8280313508529276
OpenSOC/opensoc-streaming,8,java,15007,5.21548174581389,0.6447368421052632
openstreetmap/openstreetmap-website,4,ruby,12384,71.3228035538006,0.9120879120879121
openSUSE/open-build-service,28,ruby,31434,35.0927428335083,0.7214577510212857
OpenTSDB/opentsdb,12,java,36613,89.6177960398144,0.8644264194669756
opf/openproject,50,ruby,67212,49.6801056159236,0.6537609294526291
orbeon/orbeon-forms,5,java,77973,0.937962810597334,0.5076157000585823
orgsync/stoplight,4,ruby,693,331.707317073171,0.793006993006993
orientation/orientation,6,ruby,1642,65.7395701643489,0.7233748271092669
OryxProject/oryx,5,java,11266,39.4275424130414,0.8357988165680473
owlcs/owlapi,9,java,138385,22.161480235492,0.8544144144144145
owlike/genson,2,java,9625,26.508035900647,0.9735099337748344
owncloud/android,27,java,34378,2.09652223957905,0.8387241689128482
oyachai/HearthSim,4,java,44383,20.1595421833001,0.9318181818181818
p6spy/p6spy,6,java,8289,32.6571004453241,0.672189349112426
padrino/padrino-framework,23,ruby,9177,151.515151515152,0.7501371867569051
pagseguro/ruby,11,ruby,5576,88.2416865898718,0.8744336569579289
palantir/eclipse-typescript,5,javascript,7195,0.15181417944436,0.9502762430939227
Parallels/vagrant-parallels,8,ruby,3383,21.095717884131,0.8925619834710744
passy/Android-DirectoryChooser,5,java,606,10.221465076661,0.75625
pat/thinking-sphinx,7,ruby,8772,238.707165109034,0.024941350784047415
patriciomacadden/hobbit,2,ruby,123,294.117647058824,0.8036253776435045
paulasmuth/fnordmetric,7,ruby,3194,206.140350877193,0.40096618357487923
paulasmuth/recommendify,2,ruby,399,240.384615384615,0.8977272727272727
pawurb/termit,2,ruby,288,98.7124463519313,0.8769574944071589
pboling/sanitize_email,3,ruby,432,202.857142857143,0.7132686084142394
pbyrne/cron-checker,2,ruby,374,133.689839572193,0.9125
pdfkit/pdfkit,7,ruby,370,359.375,0.7670454545454546
pearkes/tugboat,7,ruby,2051,72.6517903476907,0.9099276791584484
peczenyj/MooseX,2,ruby,1421,222.910216718266,0.9184549356223176
pedrovgs/Algorithms,3,java,2858,454.545454545455,0.9322033898305084
pedrovgs/DraggablePanel,3,java,2297,0,0.8656716417910447
pedrovgs/Renderers,2,java,955,74.1935483870968,0.7304347826086957
peek/peek,6,ruby,336,105.263157894737,0.8978102189781022
pellegrino/jackpot,2,ruby,749,165.079365079365,0.8181818181818182
pengwynn/faraday_middleware,4,ruby,662,316.666666666667,0.6906474820143885
perfectsense/brightspot-cms,30,java,43016,0.933258672639522,0.8964963034394086
perwendel/spark,9,java,5136,48.2254697286013,0.9093023255813953
peter-murach/finite_machine,2,ruby,1511,127.914723517655,0.8553104155977425
peter-murach/github,8,ruby,4847,301.959619952494,0.6178884026258206
peter-murach/github_cli,2,ruby,7593,37.6811594202899,0.32263513513513514
pewniak747/hipbot,3,ruby,1286,169.590643274854,0.6475548060708263
philostler/rspec-sidekiq,5,ruby,535,308.605341246291,0.6058536585365853
phlipper/chef-monit,2,ruby,301,73.394495412844,0.7832167832167832
phlipper/chef-percona,6,ruby,754,53.5966149506347,0.8973487423521413
phlipper/chef-postgresql,3,ruby,779,148.820326678766,0.7670940170940171
phoet/asin,3,ruby,690,113.207547169811,0.6402266288951841
phoet/on_ruby,11,ruby,2510,94.9811117107393,0.83125
phstc/putsreq,5,ruby,564,78.0780780780781,0.8994974874371859
phstc/shoryuken,13,ruby,1574,70.6195869420386,0.8460410557184751
pivotal-sprout/sprout-osx-apps,7,ruby,3840,0.87260034904014006,0.8493150684931506
pivotal/LicenseFinder,17,ruby,7292,86.7768595041322,0.6621509538291401
pivotal/pivotal_workstation,16,ruby,3187,0,0.6666666666666666
plashchynski/crono,2,ruby,560,144.351464435146,0.7857142857142857
plataformatec/devise,35,ruby,3775,2.06185567010309,0.8523747195213164
plataformatec/responders,13,ruby,523,219.78021978022,0.8523489932885906
plataformatec/simple_form,25,ruby,2108,0.932835820895522,0.7452722715880611
play/play,6,ruby,1958,16.3934426229508,0.6871287128712872
plexus/yaks,11,ruby,2401,173.684210526316,0.7690412186379928
podio/podio-rb,12,ruby,5558,0.308546744831842,0.6959219858156028
poise/poise,2,ruby,1716,91.3884007029877,0.8709322779243623
pophealth/popHealth,18,ruby,2139,0.656598818122127,0.9395509499136442
postrank-labs/goliath,6,ruby,3497,91.1010558069381,0.56797583081571
pothibo/ecrire,2,ruby,2209,6.34765625,0.9259259259259259
prawnpdf/prawn,21,ruby,10229,108.871426944539,0.8893040635217189
premailer/premailer,4,ruby,1081,102.085620197585,0.23261390887290168
presidentbeef/brakeman,11,ruby,19485,85.2166078534425,0.8795045045045045
privly/privly-web,5,ruby,1960,0.587889476778366,0.7920792079207921
progit/progit,33,ruby,24,0,0.921875
projectblacklight/blacklight,18,ruby,8353,202.659232253914,0.8632692843219159
projecthydra/sufia,46,ruby,8782,117.578579743888,0.8684733514001807
promiscuous-io/promiscuous,4,ruby,4539,58.6395621579359,0.3339664450775562
propublica/daybreak,4,ruby,489,63.3946830265849,0.49049429657794674
protobuf-ruby/beefcake,8,ruby,846,96.9267139479905,0.7653631284916201
protostuff/protostuff,4,java,51075,2.8961522548614,0.9629629629629629
Prototik/HoloEverywhere,5,java,54178,0.0802654109589041,0.6655629139072847
pry/pry,24,ruby,9153,135.614307931571,0.7375122428991185
psi-probe/psi-probe,8,java,14731,11.3832355984822,0.9754273504273504
psu-stewardship/scholarsphere,18,ruby,4127,151.679306608884,0.70521327014218
psyho/bogus,6,ruby,1863,185.897435897436,0.8135095447870778
pulse00/Symfony-2-Eclipse-Plugin,3,java,17822,3.55426841308497,0.5663716814159292
pulse00/Twig-Eclipse-Plugin,2,java,22755,3.41319769776469,0.6910569105691057
puma/puma,9,ruby,5143,45.9610027855153,0.3863938347063513
puniverse/capsule,7,java,5918,11.4771519659936,0.909433962264151
puniverse/quasar,6,java,50472,9.61850210742462,0.7590687601515972
puppetlabs/facter,55,ruby,7472,152.845528455285,0.9641063790217593
puppetlabs/hiera,37,ruby,1309,265.957446808511,0.9611650485436893
puppetlabs/marionette-collective,18,ruby,14986,146.125845033801,0.9603715170278638
puppetlabs/puppet,107,ruby,113889,162.013933494738,0.9261839956450735
puppetlabs/puppetlabs-firewall,24,ruby,2655,181.073703366697,0.899812734082397
puppetlabs/puppetlabs-mongodb,23,ruby,1038,400,0.8690629011553274
puppetlabs/puppetlabs-rabbitmq,25,ruby,1394,246.861924686192,0.811219512195122
puppetlabs/puppetlabs-stdlib,27,ruby,4031,269.688385269122,0.8574338085539714
pushtorefresh/storio,7,java,9701,105.371687802866,0.9312796208530806
qiniu/java-sdk,11,java,2870,25.9278088459583,0.6470588235294118
qos-ch/logback,5,java,29408,36.2890825217837,0.6943231441048034
qos-ch/slf4j,6,java,8232,21.9201567474896,0.8858695652173914
querydsl/querydsl,13,java,51661,70.840400167146,0.7792954708842559
QueueClassic/queue_classic,8,ruby,938,90.7668231611894,0.3830227743271222
rabbit-shocker/rabbit,6,ruby,27901,2.84305610537302,0.8643306379155435
rackerlabs/blueflood,29,java,19717,57.7661617239172,0.826449149600833
radar/by_star,5,ruby,587,332.236842105263,0.784394250513347
radar/forem,24,ruby,2285,124.102564102564,0.28414207103551775
radar/paranoia,16,ruby,245,409.090909090909,0.7505494505494505
radiant/radiant,13,ruby,10776,77.7152436833912,0.38680781758957655
rails-api/active_model_serializers,57,ruby,2441,215.629522431259,0.9058823529411765
rails-api/rails-api,6,ruby,400,72.202166064982,0.43125
rails-assets/rails-assets,11,ruby,2168,69.713400464756,0.7342657342657343
rails/activejob,13,ruby,574,16.4609053497942,0.8701298701298701
rails/activeresource,30,ruby,1773,183.098591549296,0.5562189054726369
rails/globalid,15,ruby,371,0,0.9049034175334324
rails/jbuilder,10,ruby,598,0,0.903035413153457
rails/protected_attributes,13,ruby,690,299.236641221374,0.7414089347079038
rails/rails,288,ruby,69656,193.968838284393,0.6995225082361478
rails/spring,16,ruby,2957,9.82800982800983,0.7399825783972126
rails/sprockets-rails,17,ruby,662,183.844011142061,0.6022551403935441
rails/strong_parameters,14,ruby,334,4.62962962962963,0.16145833333333334
RailsApps/rails_apps_composer,5,ruby,2815,19.6681007990166,0.8669910786699108
railsbp/rails_best_practices,12,ruby,3658,168.621236133122,0.9177304964539007
railsbp/rails-bestpractices.com,1,ruby,4143,33.2282318699976,0.6612244897959184
railsbridge/docs,20,ruby,1177,55.2208835341365,0.9640564826700898
railsware/js-routes,7,ruby,277,660.46511627907,0.853726362625139
ralfstx/minimal-json,4,java,1723,318.548387096774,0.9361702127659575
randym/axlsx,10,ruby,7846,124.184298991497,0.6818181818181818
ranjib/etcd-ruby,5,ruby,425,212.218649517685,0.7236842105263158
rapid7/metasploit-framework,103,ruby,874692,1.03136185415191,0.9246870861634414
rbCAS/CASino,7,ruby,2099,168.865435356201,0.9532967032967034
rdoc/rdoc,10,ruby,17414,97.8103433586095,0.6053054662379421
ReactiveX/Rx.rb,3,ruby,6418,47.230571060541,0.5663157894736842
ReactiveX/RxAndroid,17,java,2261,194.915254237288,0.8862068965517241
ReactiveX/RxJava,33,java,61711,81.4728746507317,0.9138576779026217
ReactiveX/RxNetty,8,java,25051,33.6173508907823,0.6057347670250897
reactjs/react-rails,12,ruby,691,6.5359477124183,0.7936076164569874
realestate-com-au/pact,8,ruby,9060,8.16511680653209,0.6953972442099091
rebelidealist/stripe-ruby-mock,13,ruby,3287,107.770402186646,0.8752310536044362
recruit-tech/redpen,8,java,6745,74.1403299542834,0.9662447257383966
recurly/recurly-client-ruby,17,ruby,2602,111.318989710009,0.9440459110473458
redguide/nodejs,9,ruby,300,0,0.8967391304347826
redis/redis-rb,11,ruby,3444,141.276041666667,0.49939975990396157
redline-smalltalk/redline-smalltalk,3,java,7193,43.6551979282279,0.7032258064516129
reficio/p2-maven-plugin,5,java,1690,16.5631469979296,0.8333333333333334
refile/refile,5,ruby,976,240.618101545254,0.7746305418719212
refinery/refinerycms,39,ruby,7228,53.678786143716,0.7563735801430375
refinery/refinerycms-blog,9,ruby,1105,122.302158273381,0.45977011494252873
rehttp/rehttp,2,ruby,300,44.5205479452055,0.6376811594202898
rejasupotaro/Rebuild,2,java,5820,0.486144871171609,0.7661870503597122
relayrides/pushy,5,java,2669,71.2742980561555,0.8765586034912718
relevance/diametric,5,ruby,1787,156.293222683264,0.6627906976744186
remiprev/her,7,ruby,1291,199.320498301246,0.8916551406177963
remiprev/teamocil,3,ruby,477,161.572052401747,0.837696335078534
resque/resque,14,ruby,2419,139.024390243902,0.7234939759036144
rest-driver/rest-driver,3,java,3194,139.53488372093,0.9467455621301775
restlet/restlet-framework-java,10,java,132294,0.832490931795207,0.5277533039647577
revily/revily,3,ruby,5420,24.6799035071442,0.5761589403973509
rgeo/activerecord-postgis-adapter,2,ruby,1291,91.1808669656203,0.6276505513146734
rgrove/sanitize,2,ruby,1386,128,0.8498583569405099
rhuss/docker-maven-plugin,11,java,6243,19.3817075124139,0.9720812182741116
richpeck/exception_handler,3,ruby,204,10.6382978723404,0.624113475177305
rightscale/praxis,11,ruby,5715,81.1761749183212,0.8829365079365079
rightscale/right_link,10,ruby,11861,56.9133192389006,0.8629032258064516
roboguice/roboguice,2,java,47286,19.4678780012979,0.6766917293233082
rockerhieu/emojicon,4,java,3440,0,0.6136363636363636
rodjek/librarian-puppet,9,ruby,4293,44.4028978733349,0.6820490494848352
rodjek/puppet-lint,9,ruby,2168,205.36540240518,0.9036076662908681
rodjek/rspec-puppet,9,ruby,1861,59.4273365748244,0.8524102781906987
roidrage/lograge,7,ruby,427,336.787564766839,0.9170141784820683
RolifyCommunity/rolify,7,ruby,984,364.896073903002,0.5212580081537566
rollbar/rollbar-gem,14,ruby,3213,119.439366240097,0.7925170068027211
rondevera/twig,2,ruby,1246,263.453815261044,0.9480762047067613
rpush/rpush,13,ruby,7307,153.260869565217,0.5844824721714571
rs-pro/mongoid-elasticsearch,3,ruby,583,57.9064587973274,0.8227712137486574
RS485/LogisticsPipes,11,java,94206,0.520944078247927,0.7381957773512476
rsl/stringex,3,ruby,1253,229.461756373938,0.7592592592592593
rslifka/elasticity,3,ruby,4201,0,0.8900634249471459
rspec/rspec-collection_matchers,7,ruby,225,348.039215686274,0.6297948260481713
rspec/rspec-core,28,ruby,8753,286.426592797784,0.8291793045848169
rspec/rspec-expectations,23,ruby,4544,348.927875243665,0.858191752753351
rspec/rspec-mocks,18,ruby,4314,317.876344086022,0.8541637990364762
rspec/rspec-rails,25,ruby,2935,319.101123595506,0.5395653956539566
rstacruz/sinatra-assetpack,5,ruby,946,3.71287128712871,0.8674033149171271
rtomayko/tilt,9,ruby,1243,15.8013544018059,0.4977401129943503
rubber/rubber,13,ruby,9751,18.6816119562317,0.502927400468384
rubinius/rubinius,70,ruby,499410,289.909681328461,0.6116139813396463
ruboto/ruboto,8,ruby,3900,15.5038759689922,0.29760365914288556
ruby-amqp/amqp,8,ruby,5913,43.7683480117427,0.4225239616613419
ruby-concurrency/concurrent-ruby,12,ruby,12407,287.694974003466,0.5914040946711195
ruby-json-schema/json-schema,9,ruby,2270,80.7365439093484,0.8951930654058313
ruby-ldap/ruby-net-ldap,8,ruby,2704,64.8182840014987,0.7413793103448276
ruby-rdf/json-ld,2,ruby,5083,64.0185113767836,0.8349236641221374
ruby-rdf/rdf,5,ruby,31951,94.2232192933259,0.8354925446101198
ruby/ruby,33,ruby,434043,39.9929148154162,0.6893137219471649
rubycas/rubycas-client,5,ruby,1106,52.4379024839006,0.591304347826087
RubyCastsBrasil/RubyCastsBrasil,15,ruby,913,117.196056955093,0.9459459459459459
rubychan/coderay,4,ruby,16652,14.2493638676845,0.6997084548104956
rubygems/rubygems,41,ruby,20264,101.138141215815,0.7498385360602798
RubyMoney/monetize,9,ruby,286,384.146341463415,0.9783393501805054
RubyMoney/money,24,ruby,1094,315.055762081784,0.9287211740041929
RubyMoney/money-rails,16,ruby,754,254.641909814324,0.9028589993502274
rubymotion/BubbleWrap,19,ruby,3830,187.992495309568,0.7137014314928425
rubymotion/sugarcube,13,ruby,8905,132.514995117869,0.4759493670886076
rubys/ruby2js,1,ruby,4539,133.521923620934,0.9642857142857143
rubysec/bundler-audit,3,ruby,393,122.743682310469,0.5051020408163265
rubyworks/facets,5,ruby,23098,2.43024723092022,0.7903525046382189
rubyzip/rubyzip,7,ruby,3138,87.5040361640297,0.6838235294117647
ruckus/quickeebooks,3,ruby,8218,45.218087234894,0.6463654223968566
rudionrails/yell,5,ruby,1123,94.5584299732382,0.642948717948718
ruhoh/ruhoh.rb,7,ruby,3086,0,0.8974358974358975
rumblelabs/asset_sync,5,ruby,568,188.505747126437,0.61068281938326
rundeck/rundeck,12,java,50747,4.85702270815812,0.8325471698113207
ryanb/letter_opener,4,ruby,133,467.213114754098,0.6919831223628692
ryanb/nested_form,3,ruby,175,188.571428571429,0.6812080536912751
ryanlecompte/redis_failover,3,ruby,1403,64.4171779141104,0.918075422626788
ryantenney/metrics-spring,4,java,3084,36.6430260047281,0.8466981132075472
saberma/shopqi,2,ruby,11097,71.5172347942328,0.4237104464672735
sachin-handiekar/jInstagram,6,java,4015,146.70981661272901,0.924812030075188
sahan/RoboZombie,3,java,4378,23.5428571428571,0.5118110236220472
SaitoWu/linner,4,ruby,984,28.5714285714286,0.9328358208955224
salesking/sepa_king,5,ruby,550,285.412262156448,0.9330612244897959
sanemat/tachikoma,4,ruby,347,49.8442367601246,0.9707602339181286
sanity/quickml,9,java,15622,16.4648910411622,0.6870748299319728
sarxos/webcam-capture,6,java,13659,4.96963003865268,0.7985865724381626
sass/sass,9,ruby,13562,114.688128772636,0.8493443938988493
saturnflyer/casting,2,ruby,640,234.042553191489,0.8757894736842106
saturnflyer/surrounded,3,ruby,849,159.663865546218,0.8340395480225988
satyan/sugar,18,java,2601,285.641025641026,0.6994219653179191
savonrb/gyoku,4,ruby,258,410.25641025641,0.6303879310344828
savonrb/nori,5,ruby,415,238.356164383562,0.5031421838177533
savonrb/savon,10,ruby,1486,281.902552204176,0.5386503067484663
scambra/devise_invitable,8,ruby,640,2.40963855421687,0.44804088586030666
schacon/ruby-git,5,ruby,2167,54.083885209713,0.49818181818181817
SchemaPlus/schema_plus,6,ruby,2402,733.812949640288,0.8075343688627031
schneems/wicked,3,ruby,288,0,0.8094660194174758
scobal/seyren,8,java,4558,30.3762512944425,0.9053254437869822
scttnlsn/dandelion,3,ruby,973,74.370709382151,0.9516728624535316
sdywcd/jshoper3x,1,java,79732,0,0
searchbox-io/Jest,17,java,8470,123.74405076679,0.7538726333907056
searls/jasmine-maven-plugin,5,java,2204,93.8578329882678,0.9233716475095786
seejohnrun/ice_cube,9,ruby,2345,256.716417910448,0.596551724137931
segmentio/analytics-android,7,java,8997,81.65548098434,0.7245508982035929
selendroid/selendroid,16,java,27823,11.866114407254,0.7781402936378466
sensu/sensu,9,ruby,3323,58.2417582417582,0.8888652783680407
sensu/sensu-community-plugins,39,ruby,22719,8.00539689678435,0.8372488934286687
sensu/sensu-puppet,19,ruby,2086,23.0105465004794,0.9132750095093192
seratch/gistub,5,ruby,935,164.335664335664,0.9225352112676056
serso/android-common,1,java,18046,0.228193279707913,0.4090909090909091
sethvargo/chef-sugar,13,ruby,943,316.239316239316,0.9180633147113594
sethvargo/stove,7,ruby,1549,14.8674854557207,0.7142857142857143
sevntu-checkstyle/sevntu.checkstyle,10,java,8081,43.2188591385332,0.9474708171206225
sferik/mtgox,2,ruby,559,82.5515947467167,0.8848263254113345
sferik/multi_xml,4,ruby,509,183.48623853211,0.5945017182130584
sferik/rails_admin,41,ruby,5453,132.24204524554,0.6187104636991468
sferik/sign-in-with-twitter,2,ruby,128,9.43396226415094,0.9449438202247191
sferik/t,7,ruby,2218,275.174476570289,0.7528227036924016
sferik/twitter,12,ruby,2864,367.787463677875,0.8669707335613835
sgruhier/foundation_rails_helper,7,ruby,298,330.909090909091,0.7076923076923077
shadabahmed/logstasher,8,ruby,1697,240.384615384615,0.8318414322250639
shageman/the_next_big_thing,3,ruby,338,79.4392523364486,0.6646341463414634
shawn42/gamebox,3,ruby,8329,25.7469030847705,0.851145038167939
shoes/shoes4,21,ruby,13369,80,0.9211250382146132
Shopify/active_shipping,37,ruby,5810,94.8364888123924,0.7753483386923902
Shopify/identity_cache,21,ruby,1526,194.675540765391,0.8669739874876523
Shopify/liquid,31,ruby,3991,188.573883161512,0.8630715705765407
Shopify/shipit-engine,27,ruby,4711,0,0.8628133704735376
Shopify/shopify_api,30,ruby,964,116.336633663366,0.8291203235591507
Shopify/shopify_app,34,ruby,1032,30.8641975308642,0.9506369426751592
Shopify/shopify_theme,7,ruby,568,67.6691729323308,0.8591549295774648
Shopify/statsd-instrument,15,ruby,593,237.179487179487,0.8709677419354839
Shopify/verdict,6,ruby,783,117.820324005891,0.7
shyiko/mysql-binlog-connector-java,3,java,4600,15.2445961319681,0.8985507246376812
simonc/memfs,3,ruby,1159,717.283950617284,0.7380952380952381
SimonVT/android-menudrawer,3,java,4761,0,0.5172413793103449
SimonVT/cathode,1,java,36614,0.224008064290314,0.6899563318777293
simpligility/android-maven-plugin,11,java,17018,6.77701029584256,0.5050798258345428
skoji/gepub,3,ruby,3052,70.5818965517241,0.8346153846153846
skylightio/skylight-ruby,6,ruby,9757,28.6549050455107,0.683210939478349
slim-template/slim,14,ruby,1664,194.903581267218,0.3424256799493991
snitko/straight-server,4,ruby,2295,0.771604938271605,0.8372093023255814
SoftInstigate/restheart,4,java,16365,11.0659756268385,0.9501039501039501
solnic/virtus,13,ruby,1372,129.81298129813,0.8058796080261316
SomMeri/less4j,2,java,28448,9.71370143149284,0.8445190156599552
SonarSource/sonarqube,26,java,224469,65.0641816835349,0.8063734355783838
sorah/mamiya,3,ruby,3825,103.81861575179,0.9347079037800687
sosedoff/lxc-ruby,2,ruby,409,110.526315789474,0.8178438661710037
soundcloud/java-api-wrapper,4,java,2084,70.429329474192,0.7767857142857143
soundcloud/lhm,15,ruby,950,138.274336283186,0.7657593123209169
spacecowboy/NoNonsense-FilePicker,2,java,2436,9.44170771756979,0.6395348837209303
spacecowboy/NotePad,2,java,34999,0.961846745751844,0.30585683297180044
sparklemotion/mechanize,8,ruby,4610,153.379743992814,0.8165853658536585
sparklemotion/nokogiri,19,java,12380,0,0.6095617529880478
sparklemotion/sqlite3-ruby,6,ruby,2274,115.309126594701,0.15220483641536273
spilliton/randumb,2,ruby,212,315.789473684211,0.4666666666666667
spockframework/spock,8,java,17849,0.398383700415457,0.8075221238938053
SpongePowered/Sponge,36,java,23254,0.212981204408711,0.766120218579235
SpongePowered/SpongeAPI,57,java,39563,5.70125427594071,0.8449456302859444
SpontaneousCMS/spontaneous,2,ruby,19721,99.6177198111086,0.18711656441717792
sporkmonger/addressable,9,ruby,6676,362.899959497772,0.7346938775510204
spotify/cassandra-reaper,11,java,5663,18.8679245283019,0.8891402714932126
spotify/docker-client,17,java,9044,20.0215801462654,0.8858267716535433
spotify/helios,15,java,18104,14.3062306672559,0.6902834008097166
SpoutDev/Spout,19,java,67283,15.0040309336837,0.5976095617529881
SpoutDev/Vanilla,14,java,60782,0.490643927858424,0.5982905982905983
spree-contrib/spree_active_shipping,13,ruby,2085,14.8588410104012,0.7665130568356375
spree-contrib/spree_i18n,26,ruby,784,41.8679549114332,0.7462473195139385
spree-contrib/spree_social,9,ruby,332,76.9230769230769,0.775175644028103
spree-contrib/spree_wishlist,8,ruby,339,152.027027027027,0.5232558139534884
spree/spree,62,ruby,24334,115.256055791689,0.3752754392903554
spree/spree_gateway,18,ruby,1339,70.3605980650836,0.6387931034482759
spring-cloud/spring-cloud-config,9,java,4273,55.2291421856639,0.7833333333333333
spring-io/sagan,9,java,12917,31.2575138254388,0.8267477203647416
spring-projects/spring-data-examples,8,java,3491,51.0028653295129,0.7639751552795031
springside/springside4,1,java,11100,18.9736955584304,0.654275092936803
spullara/mustache.java,5,java,4612,25.6040389469888,0.91324200913242
SQiShER/java-object-diff,3,java,5830,66.1496350364963,0.9804878048780488
square/android-times-square,7,java,1585,28.6707211120765,0.6684782608695652
square/assertj-android,8,java,23527,0,0.7679180887372014
square/dagger,17,java,11213,46.6374645709869,0.8551959114139693
square/javapoet,11,java,3190,92.6517571884984,0.9750812567713976
square/keywhiz,9,java,9817,54.5811518324607,0.9482496194824962
square/moshi,6,java,4695,97.4563285320257,0.9844559585492227
square/okhttp,21,java,20365,88.3632826498746,0.6155190492834673
square/okio,8,java,3998,93.2966483241621,0.9804804804804805
square/picasso,13,java,5370,71.8347232752085,0.8699551569506726
square/retrofit,23,java,5046,80.4848966613673,0.9489389920424404
square/shuttle,7,ruby,12977,65.524426950683,0.4774281805745554
square/wire,15,java,8473,53.8922155688623,0.9579399141630901
sstephenson/execjs,3,ruby,749,56.0420315236427,0.5592105263157895
sstephenson/sprockets,7,ruby,3511,31.1408614668219,0.8192325473878872
stanfy/enroscar,6,java,21186,11.1742700286644,0.3638814016172507
steelThread/redmon,3,ruby,278,119.69111969112,0.8594249201277955
stephanenicolas/Quality-Tools-for-Android,2,java,66,212.121212121212,0.05161290322580645
stephanenicolas/robospice,6,java,7356,3.63791996576075,0.2947813822284908
stevegraham/slanger,6,ruby,779,41.2903225806452,0.5879265091863517
stripe/einhorn,13,ruby,2429,16.1923454367026,0.657258064516129
stripe/mosql,6,ruby,1248,25.8358662613982,0.8739495798319328
structr/structr,9,java,70222,0.400222981375338,0.5363974495217854
sue445/rubicure,5,ruby,453,53.3980582524272,0.9550072568940493
sul-dlss/spotlight,11,ruby,4752,180.381830151415,0.8175637393767705
sunitparekh/data-anonymization,3,ruby,1657,250,0.8521400778210116
sunlightlabs/scout,3,ruby,5868,39.1770011273957,0.4153846153846154
sup-heliotrope/sup,17,ruby,10948,5.05098637186696,0.8060671722643553
supermarin/xcpretty,6,ruby,2223,133.333333333333,0.8111263736263736
Sutto/rocket_pants,3,ruby,1187,192.380952380952,0.3749591369728669
svenfuchs/gem-release,3,ruby,661,0,0.7089552238805971
svenfuchs/rails-i18n,38,ruby,1147,111.226611226611,0.9581425768476128
swanson/stringer,7,ruby,1574,122.593068035944,0.9559808612440192
swipely/docker-api,14,ruby,1283,310.469314079422,0.6359761295822677
swipely/dockly,11,ruby,1659,80.1717967072298,0.8916666666666667
syncany/syncany,10,java,26516,21.2053571428571,0.8601472134595163
t-oster/VisiCut,5,java,29511,0.471253534401508,0.8521358159912377
taganaka/polipus,3,ruby,1563,51.4322916666667,0.8360128617363344
tananaev/traccar,7,java,27350,7.85520694565667,0.9719887955182073
taskrabbit/makara,7,ruby,1303,113.636363636364,0.7204662631696929
tchandy/octopus,7,ruby,1544,182.655410590944,0.6009070294784581
tdiary/tdiary-core,11,ruby,31380,11.0185152899334,0.7914233015677836
teamed/qulice,12,java,4369,31.2575138254388,0.876313276026743
teampoltergeist/poltergeist,12,ruby,1393,167.391304347826,0.6657739689341189
technicalpickles/homesick,13,ruby,646,111.98738170347,0.8891352549889135
tent/tentd,5,ruby,5555,140.414696253183,0.5451197053406999
test-kitchen/kitchen-vagrant,11,ruby,302,659.919028340081,0.9599332220367279
test-kitchen/test-kitchen,30,ruby,5515,273.797233119967,0.8321843251088534
test-unit/test-unit,3,ruby,7025,78.2049407981289,0.6495956873315364
TestFX/TestFX,4,java,6492,55.2530752167776,0.8535564853556485
thatJavaNerd/JRAW,5,java,8612,23.6276849642005,0.6849112426035503
the-teacher/the_role,7,ruby,615,206.896551724138,0.708029197080292
theforeman/foreman,16,ruby,24284,35.5378026684237,0.35294117647058826
thetron/mongoid_token,2,ruby,328,225.609756097561,0.8156862745098039
thibaudgg/video_info,7,ruby,3487,22.7272727272727,0.6918652423993427
thinkaurelius/titan,13,java,28285,11.1693113541827,0.24186046511627907
thinreports/thinreports-generator,3,ruby,3945,180.077774454083,0.8114209827357237
thorin/redmine_ldap_sync,3,ruby,1719,76.3125763125763,0.46464646464646464
thoughtbot/appraisal,7,ruby,866,111.747851002865,0.9680555555555556
thoughtbot/capybara-webkit,15,ruby,1172,344.973544973545,0.7080443828016644
thoughtbot/clearance,35,ruby,1671,121.693121693122,0.8389955686853766
thoughtbot/factory_girl,17,ruby,1969,197.12140175219,0.733811475409836
thoughtbot/factory_girl_rails,9,ruby,263,0,0.2198581560283688
thoughtbot/flutie,8,ruby,83,175,0.8229665071770335
thoughtbot/gitsh,13,ruby,1794,219.343696027634,0.4793261868300153
thoughtbot/griddler,15,ruby,530,243.835616438356,0.9564444444444444
thoughtbot/high_voltage,15,ruby,274,695.652173913043,0.7960199004975125
thoughtbot/hound,43,ruby,3653,105.593966059082,0.7281021897810219
thoughtbot/kumade,7,ruby,682,204.119850187266,0.595108695652174
thoughtbot/paperclip,36,ruby,3775,204.009753454348,0.6714941716707877
thoughtbot/paul_revere,6,ruby,111,212.121212121212,0.8822055137844611
thoughtbot/shoulda-matchers,34,ruby,7684,162.323157110946,0.7077087794432548
thoughtbot/suspenders,48,ruby,935,58.3058305830583,0.720492396813903
ThoughtWorksStudios/eb_deployer,8,ruby,1537,64.4111906310995,0.6919431279620853
threerings/playn,8,java,34047,9.03065082966324,0.9261603375527426
tigrish/devise-i18n,7,ruby,118,190.47619047619,0.9554973821989529
tilal6991/HoloIRC,4,java,13499,0.164446637066272,0.4759825327510917
tim-vandecasteele/grape-swagger,12,ruby,704,243.90243902439,0.9451000513083633
timmolter/XChange,28,java,89737,12.9529683885891,0.8987341772151899
TimotheeJeannin/ProviGen,3,java,799,10.4384133611691,0.3821656050955414
tinkerpop/blueprints,14,java,21086,7.50500333555704,0.6489881367759944
tinkerpop/gremlin,5,java,2301,0,0.9076923076923077
tinkerpop/rexster,8,java,14169,42.9007992477668,0.8813096862210096
tjerkw/Android-SlideExpandableListView,4,java,554,0,0.014084507042253521
tmuxinator/tmuxinator,14,ruby,2310,10.752688172043,0.8988817511301451
togglz/togglz,10,java,8101,43.4782608695652,0.8258258258258259
tom-lord/regexp-examples,2,ruby,1073,8.08080808080808,0.8717948717948718
Tomohiro/airplayer,2,ruby,320,100.961538461538,0.8208469055374593
tomp2p/TomP2P,4,java,38494,13.3524461787582,0.06315789473684211
topfunky/gruff,2,ruby,2525,83.1500219973603,0.7672413793103449
toptal/chewy,15,ruby,3752,4.13009808982963,0.8502787878787879
torakiki/pdfsam,3,java,12583,64.68515674406,0.6506276150627615
torquebox/torquebox,5,ruby,186441,98.7179487179487,0.46880907372400754
toy/image_optim,5,ruby,1934,79.7927461139896,0.8298057407944331
tpitale/legato,6,ruby,2017,4.40140845070423,0.8951890034364262
tpitale/staccato,3,ruby,1131,37.2960372960373,0.9733656174334141
trautonen/coveralls-maven-plugin,4,java,2330,83.6221837088388,0.9322033898305084
travis-ci/travis-cookbooks,25,ruby,23805,21.8181818181818,0.9291564291564292
travis-ci/travis-core,27,ruby,12569,173.110465116279,0.7529288945597958
travis-ci/travis-yaml,5,ruby,2094,0.977517106549365,0.8341836734693877
travis-ci/travis.rb,9,ruby,5193,22.1366698748797,0.8488707352234502
travisjeffery/timecop,5,ruby,302,367.549668874172,0.676
trifork/erjang,3,java,50543,0,0.7328767123287672
troessner/reek,14,ruby,6349,192.71791099669,0.9556905937460438
troessner/transitions,6,ruby,469,0,0.8571428571428571
trulia/hologram,9,ruby,1069,101.796407185629,0.7638888888888888
tscolari/mobylette,2,ruby,620,293.75,0.7864864864864864
turboladen/tailor,2,ruby,4205,84.3071786310518,0.7043010752688172
twall/jna,11,java,39727,2.16477458655323,0.6857142857142857
twbs/bootstrap-sass,15,ruby,929,15.8730158730159,0.7080521817363923
twers/re-education,12,ruby,1131,29.8672566371681,0.8838709677419355
twilio/twilio-java,8,java,55744,17.6305190364009,0.944620253164557
twilio/twilio-ruby,15,ruby,22340,73.7777777777778,0.8924760601915185
twitter/cloudhopper-smpp,6,java,7088,28.2768777614138,0.7391304347826086
twitter/commons,21,java,30575,27.2890880376097,0.1776239907727797
twitter/elephant-bird,10,java,16712,15.6433562109689,0.8469750889679716
twitter/hbc,8,java,4241,33.0445941610523,0.9702970297029703
twitter/hraven,10,java,13252,12.1718969942867,0.9590909090909091
twitter/secureheaders,10,ruby,2889,31.2304809494066,0.8653179190751445
twitter/twitter-cldr-rb,7,ruby,28137,221.141374837873,0.713384723195515
TwP/logging,3,ruby,2994,73.2471602036819,0.19438877755511022
typesafehub/config,4,java,11017,0,0.975
typhoeus/ethon,6,ruby,2357,154.631655725748,0.5900116144018583
typhoeus/typhoeus,10,ruby,2364,282.5311942959,0.6728295819935691
typus/typus,6,ruby,3632,70.6464146944543,0.48491879350348027
undera/jmeter-plugins,11,java,36359,82.020289229441,0.7450722733245729
Unicon/cas-addons,6,java,3049,10.8303249097473,0.9411764705882353
Unidata/thredds,15,java,458170,3.15841391512102,0.5324878387769284
ushahidi/SMSSync,3,java,27448,1.13827575967534,0.6857142857142857
validator/validator,7,java,36548,0.0305688869868248,0.8883720930232558
vaneyckt/Jently,2,ruby,432,394.886363636364,0.5423728813559322
vcr/vcr,13,ruby,7550,146.011865524061,0.5082568807339449
venmo/slather,9,ruby,915,214.545454545455,0.8888888888888888
venmo/synx,7,ruby,402,73.972602739726,0.869281045751634
vigetlabs/sprig,10,ruby,2165,22.5903614457831,0.7222222222222222
voltrb/volt,19,ruby,13266,45.8183600130676,0.9438871473354232
voormedia/rails-erd,7,ruby,3323,0,0.9285109983079526
walle/gimli,3,ruby,477,97.9228486646884,0.7133956386292835
wasabeef/recyclerview-animators,2,java,1812,1.21212121212121,0.36774193548387096
WeAreFarmGeek/diplomat,8,ruby,813,153.751537515375,0.9531531531531532
websocket-rails/websocket-rails,2,ruby,1937,137.475214805023,0.8803418803418803
weld/core,12,java,61858,30.1231398660302,0.9365384615384615
weppos/whois,3,ruby,11784,142.546245919478,0.9002175940317065
whichdigital/active-rest-client,13,ruby,4131,0,0.8995633187772926
willdurand/puppet-nodejs,5,ruby,200,0,0.8860007426661716
winebarrel/ridgepole,5,ruby,1451,19.4285714285714,0.8951310861423221
WinRb/vagrant-windows,4,ruby,1444,45.3421269579555,0.9171597633136095
WinRb/WinRM,5,ruby,2481,78.1942765014107,0.9267515923566879
woorea/openstack-java-sdk,4,java,13334,1.34816312773846,0.8214285714285714
wr0ngway/rubber,5,ruby,7418,18.2068965517241,0.44485294117647056
wvanbergen/chunky_png,5,ruby,2403,143.503847894975,0.8178603006189213
wvanbergen/request-log-analyzer,5,ruby,4150,85.2161100196464,0.6440677966101694
wvanbergen/state_machine-audit_trail,5,ruby,359,327.102803738318,0.8189655172413793
xerial/sqlite-jdbc,5,java,7294,39.0732108582396,0.9957537154989384
xetorthio/jedis,20,java,18169,33.362528863763,0.8458471760797343
xtreemfs/xtreemfs,16,java,175219,5.4449400682798,0.5859053497942387
yahoo/samoa,5,java,24134,4.71003826906094,0.8461538461538461
yegor256/rultor,11,java,20997,22.7686703096539,0.7277936962750716
yob/pdf-reader,6,ruby,4122,119.120654396728,0.6698305084745763
yolk/valvat,2,ruby,643,192.567567567568,0.8390804597701149
youpy/ruby-lastfm,3,ruby,917,214.452214452214,0.8618421052631579
yui/yuicompressor,5,java,6049,0,0.9017857142857143
yujinakayama/guard-rubocop,2,ruby,190,310.526315789474,0.8314606741573034
yujinakayama/transpec,2,ruby,5123,181.448331977217,0.7930874507074924
yuki24/did_you_mean,6,ruby,671,80,0.8523608955885613
zanata/zanata-server,13,java,88985,21.3661122907902,0.19021739130434784
zdavatz/spreadsheet,4,ruby,4983,17.4979887369268,0.851027397260274
zdennis/activerecord-import,7,ruby,1150,84.6422338568935,0.8011811023622047
zeapo/Android-Password-Store,4,java,4869,0.533333333333333,0.7291666666666666
zeisler/active_mocker,5,ruby,7695,60.072501294666,0.7578172900061312
zendesk/samson,42,ruby,12795,146.517079705291,0.8192680166016854
zenhob/hcl,2,ruby,686,78.8321167883212,0.6602316602316602
zeroturnaround/zt-exec,3,java,1745,50.1792114695341,0.9
zeroturnaround/zt-zip,9,java,4069,1.48075024679171,0.8003597122302158
zevarito/mixpanel,2,ruby,442,226.351351351351,0.6103896103896104
zhangkaitao/es,2,javascript,20172,24.2222749940632,0.37254901960784315
zinenko/vk-ruby,2,ruby,913,166.666666666667,0.7527272727272727
zmoazeni/csscss,3,ruby,1293,88.1670533642691,0.912621359223301
zquestz/omniauth-google-oauth2,6,ruby,176,523.364485981308,0.9123505976095617
zxing/zxing,4,java,35224,9.89648504151974,0.9480392156862745
